request_id,is_unsafe,lang_match,payload_length,num_special_chars,url_depth,final_score,classification
1952,0.0,1.0,265.0,0.0,5.0,0.9,Bypassable ✅
1090,0.0,1.0,71.0,0.0,5.0,0.9,Bypassable ✅
1807,0.0,0.0,280.0,0.0,5.0,0.0,Blocked ❌
9965,1.0,1.0,43.0,0.0,5.0,1.69,Bypassable ✅
5421,1.0,1.0,80.0,0.0,5.0,1.69,Bypassable ✅
9598,1.0,1.0,77.0,0.0,5.0,1.69,Bypassable ✅
1523,0.0,1.0,258.0,0.0,5.0,0.9,Bypassable ✅
5816,1.0,1.0,345.0,0.0,5.0,1.69,Bypassable ✅
101,0.0,1.0,259.0,0.0,5.0,0.9,Bypassable ✅
2152,0.0,1.0,250.0,0.0,5.0,0.9,Bypassable ✅
9314,1.0,1.0,75.0,0.0,5.0,1.69,Bypassable ✅
7178,1.0,0.0,46.0,0.0,5.0,0.79,Further Inspection ⚠️
7645,1.0,1.0,44.0,0.0,5.0,1.69,Bypassable ✅
7103,1.0,0.0,20.0,0.0,5.0,0.79,Further Inspection ⚠️
2766,0.0,0.0,265.0,0.0,5.0,0.0,Blocked ❌
1691,0.0,1.0,240.0,0.0,5.0,0.9,Bypassable ✅
7289,1.0,1.0,69.0,0.0,5.0,1.69,Bypassable ✅
1964,0.0,1.0,245.0,0.0,5.0,0.9,Bypassable ✅
8733,1.0,1.0,263.0,0.0,5.0,1.69,Bypassable ✅
5666,1.0,0.0,121.0,0.0,5.0,0.79,Further Inspection ⚠️
10285,1.0,1.0,41.0,0.0,5.0,1.69,Bypassable ✅
8181,1.0,1.0,246.0,0.0,5.0,1.69,Bypassable ✅
2301,0.0,1.0,62.0,0.0,5.0,0.9,Bypassable ✅
4786,1.0,1.0,135.0,0.0,5.0,1.69,Bypassable ✅
10505,1.0,1.0,72.0,0.0,5.0,1.69,Bypassable ✅
4540,1.0,1.0,130.0,0.0,5.0,1.69,Bypassable ✅
10620,1.0,1.0,279.0,0.0,5.0,1.69,Bypassable ✅
3787,0.0,1.0,68.0,0.0,5.0,0.9,Bypassable ✅
774,0.0,1.0,268.0,0.0,5.0,0.9,Bypassable ✅
765,0.0,1.0,274.0,0.0,5.0,0.9,Bypassable ✅
9956,1.0,1.0,78.0,0.0,5.0,1.69,Bypassable ✅
8517,1.0,1.0,317.0,0.0,5.0,1.69,Bypassable ✅
33,0.0,1.0,262.0,0.0,5.0,0.9,Bypassable ✅
6199,1.0,1.0,110.0,0.0,5.0,1.69,Bypassable ✅
9567,1.0,1.0,67.0,0.0,5.0,1.69,Bypassable ✅
2286,0.0,1.0,62.0,0.0,5.0,0.9,Bypassable ✅
10066,1.0,0.0,66.0,0.0,5.0,0.79,Further Inspection ⚠️
8469,1.0,1.0,119.0,0.0,5.0,1.69,Bypassable ✅
8661,1.0,1.0,44.0,0.0,5.0,1.69,Bypassable ✅
265,0.0,1.0,242.0,0.0,5.0,0.9,Bypassable ✅
2956,0.0,1.0,66.0,0.0,5.0,0.9,Bypassable ✅
8454,1.0,1.0,313.0,0.0,5.0,1.69,Bypassable ✅
5974,0.0,1.0,60.0,0.0,5.0,0.9,Bypassable ✅
5502,1.0,1.0,274.0,0.0,5.0,1.69,Bypassable ✅
9456,1.0,1.0,69.0,0.0,5.0,1.69,Bypassable ✅
5563,1.0,1.0,104.0,0.0,5.0,1.69,Bypassable ✅
9805,1.0,1.0,41.0,0.0,5.0,1.69,Bypassable ✅
4938,1.0,1.0,213.0,0.0,5.0,1.69,Bypassable ✅
3411,0.0,1.0,74.0,0.0,5.0,0.9,Bypassable ✅
424,0.0,1.0,248.0,0.0,5.0,0.9,Bypassable ✅
2815,0.0,1.0,60.0,0.0,5.0,0.9,Bypassable ✅
7960,1.0,1.0,33.0,0.0,5.0,1.69,Bypassable ✅
9626,1.0,1.0,69.0,0.0,5.0,1.69,Bypassable ✅
2122,0.0,1.0,38.0,0.0,5.0,0.9,Bypassable ✅
668,0.0,1.0,260.0,0.0,5.0,0.9,Bypassable ✅
3412,0.0,1.0,64.0,0.0,5.0,0.9,Bypassable ✅
1206,0.0,1.0,252.0,0.0,5.0,0.9,Bypassable ✅
4216,0.0,1.0,245.0,0.0,5.0,0.9,Bypassable ✅
6851,1.0,0.0,46.0,0.0,5.0,0.79,Further Inspection ⚠️
8489,1.0,1.0,135.0,0.0,5.0,1.69,Bypassable ✅
367,0.0,1.0,242.0,0.0,5.0,0.9,Bypassable ✅
6715,1.0,1.0,299.0,0.0,5.0,1.69,Bypassable ✅
3615,0.0,1.0,75.0,0.0,5.0,0.9,Bypassable ✅
5013,1.0,0.0,69.0,0.0,5.0,0.79,Further Inspection ⚠️
8665,1.0,0.0,37.0,0.0,5.0,0.79,Further Inspection ⚠️
4685,1.0,0.0,61.0,0.0,5.0,0.79,Further Inspection ⚠️
2609,0.0,1.0,246.0,0.0,5.0,0.9,Bypassable ✅
2762,0.0,1.0,61.0,0.0,5.0,0.9,Bypassable ✅
1369,0.0,1.0,244.0,0.0,5.0,0.9,Bypassable ✅
8909,1.0,1.0,74.0,0.0,5.0,1.69,Bypassable ✅
10336,1.0,1.0,251.0,0.0,5.0,1.69,Bypassable ✅
7299,1.0,0.0,89.0,0.0,5.0,0.79,Further Inspection ⚠️
1277,0.0,1.0,62.0,0.0,5.0,0.9,Bypassable ✅
4295,0.0,1.0,38.0,0.0,5.0,0.9,Bypassable ✅
8806,1.0,1.0,324.0,0.0,5.0,1.69,Bypassable ✅
7938,1.0,1.0,58.0,0.0,5.0,1.69,Bypassable ✅
2465,0.0,1.0,69.0,0.0,5.0,0.9,Bypassable ✅
3154,0.0,1.0,57.0,0.0,5.0,0.9,Bypassable ✅
9254,1.0,1.0,73.0,0.0,5.0,1.69,Bypassable ✅
2325,0.0,1.0,58.0,0.0,5.0,0.9,Bypassable ✅
2473,0.0,1.0,267.0,0.0,5.0,0.9,Bypassable ✅
2995,0.0,1.0,242.0,0.0,5.0,0.9,Bypassable ✅
8305,1.0,1.0,43.0,0.0,5.0,1.69,Bypassable ✅
303,0.0,1.0,242.0,0.0,5.0,0.9,Bypassable ✅
3434,0.0,1.0,75.0,0.0,5.0,0.9,Bypassable ✅
9527,1.0,1.0,74.0,0.0,5.0,1.69,Bypassable ✅
3979,0.0,1.0,261.0,0.0,5.0,0.9,Bypassable ✅
8913,1.0,1.0,74.0,0.0,5.0,1.69,Bypassable ✅
9472,1.0,1.0,70.0,0.0,5.0,1.69,Bypassable ✅
1434,0.0,1.0,285.0,0.0,5.0,0.9,Bypassable ✅
7501,1.0,1.0,316.0,0.0,5.0,1.69,Bypassable ✅
9262,1.0,1.0,76.0,0.0,5.0,1.69,Bypassable ✅
852,0.0,1.0,66.0,0.0,5.0,0.9,Bypassable ✅
7585,1.0,0.0,6.0,0.0,5.0,0.79,Further Inspection ⚠️
9651,1.0,1.0,41.0,0.0,5.0,1.69,Bypassable ✅
10329,1.0,1.0,249.0,0.0,5.0,1.69,Bypassable ✅
8140,1.0,1.0,300.0,0.0,5.0,1.69,Bypassable ✅
5610,1.0,1.0,57.0,0.0,5.0,1.69,Bypassable ✅
3838,0.0,1.0,71.0,0.0,5.0,0.9,Bypassable ✅
5700,1.0,0.0,68.0,0.0,5.0,0.79,Further Inspection ⚠️
4337,0.0,1.0,66.0,0.0,5.0,0.9,Bypassable ✅
7403,1.0,1.0,44.0,0.0,5.0,1.69,Bypassable ✅
1121,0.0,1.0,59.0,0.0,5.0,0.9,Bypassable ✅
10354,1.0,1.0,61.0,0.0,5.0,1.69,Bypassable ✅
7606,1.0,0.0,8.0,0.0,5.0,0.79,Further Inspection ⚠️
866,0.0,1.0,64.0,0.0,5.0,0.9,Bypassable ✅
5538,1.0,1.0,47.0,0.0,5.0,1.69,Bypassable ✅
4708,1.0,1.0,128.0,0.0,5.0,1.69,Bypassable ✅
7199,1.0,0.0,46.0,0.0,5.0,0.79,Further Inspection ⚠️
2025,0.0,1.0,63.0,0.0,5.0,0.9,Bypassable ✅
2124,0.0,1.0,67.0,0.0,5.0,0.9,Bypassable ✅
7897,1.0,1.0,278.0,0.0,5.0,1.69,Bypassable ✅
9490,1.0,1.0,50.0,0.0,5.0,1.69,Bypassable ✅
1147,0.0,1.0,63.0,0.0,5.0,0.9,Bypassable ✅
304,0.0,1.0,238.0,0.0,5.0,0.9,Bypassable ✅
10306,1.0,1.0,68.0,0.0,5.0,1.69,Bypassable ✅
5340,1.0,1.0,81.0,0.0,5.0,1.69,Bypassable ✅
7908,1.0,1.0,262.0,0.0,5.0,1.69,Bypassable ✅
4040,0.0,1.0,66.0,0.0,5.0,0.9,Bypassable ✅
3815,0.0,1.0,71.0,0.0,5.0,0.9,Bypassable ✅
5696,1.0,1.0,101.0,0.0,5.0,1.69,Bypassable ✅
10267,1.0,1.0,40.0,0.0,5.0,1.69,Bypassable ✅
6392,1.0,1.0,257.0,0.0,5.0,1.69,Bypassable ✅
6145,0.0,0.0,242.0,0.0,5.0,0.0,Blocked ❌
2260,0.0,1.0,58.0,0.0,5.0,0.9,Bypassable ✅
4871,1.0,1.0,136.0,0.0,5.0,1.69,Bypassable ✅
5937,0.0,1.0,54.0,0.0,5.0,0.9,Bypassable ✅
107,0.0,1.0,266.0,0.0,5.0,0.9,Bypassable ✅
7163,1.0,0.0,46.0,0.0,5.0,0.79,Further Inspection ⚠️
7944,1.0,1.0,306.0,0.0,5.0,1.69,Bypassable ✅
3707,0.0,1.0,241.0,0.0,5.0,0.9,Bypassable ✅
9396,1.0,1.0,253.0,0.0,5.0,1.69,Bypassable ✅
856,0.0,1.0,71.0,0.0,5.0,0.9,Bypassable ✅
952,0.0,1.0,63.0,0.0,5.0,0.9,Bypassable ✅
3852,0.0,1.0,63.0,0.0,5.0,0.9,Bypassable ✅
4696,1.0,0.0,109.0,0.0,5.0,0.79,Further Inspection ⚠️
5117,1.0,0.0,123.0,0.0,5.0,0.79,Further Inspection ⚠️
8994,1.0,1.0,74.0,0.0,5.0,1.69,Bypassable ✅
7997,1.0,1.0,144.0,0.0,5.0,1.69,Bypassable ✅
3034,0.0,1.0,61.0,0.0,5.0,0.9,Bypassable ✅
9407,1.0,1.0,74.0,0.0,5.0,1.69,Bypassable ✅
3319,0.0,1.0,64.0,0.0,5.0,0.9,Bypassable ✅
8151,1.0,1.0,249.0,0.0,5.0,1.69,Bypassable ✅
5940,0.0,1.0,262.0,0.0,5.0,0.9,Bypassable ✅
4291,0.0,1.0,38.0,0.0,5.0,0.9,Bypassable ✅
8995,1.0,1.0,76.0,0.0,5.0,1.69,Bypassable ✅
7370,1.0,0.0,44.0,0.0,5.0,0.79,Further Inspection ⚠️
6786,1.0,1.0,46.0,0.0,5.0,1.69,Bypassable ✅
4593,1.0,0.0,73.0,0.0,5.0,0.79,Further Inspection ⚠️
9134,1.0,0.0,78.0,0.0,5.0,0.79,Further Inspection ⚠️
10068,1.0,1.0,66.0,0.0,5.0,1.69,Bypassable ✅
1180,0.0,1.0,61.0,0.0,5.0,0.9,Bypassable ✅
7431,1.0,0.0,44.0,0.0,5.0,0.79,Further Inspection ⚠️
2075,0.0,1.0,273.0,0.0,5.0,0.9,Bypassable ✅
9699,1.0,1.0,41.0,0.0,5.0,1.69,Bypassable ✅
3307,0.0,1.0,54.0,0.0,5.0,0.9,Bypassable ✅
1285,0.0,1.0,38.0,0.0,5.0,0.9,Bypassable ✅
3547,0.0,1.0,38.0,0.0,5.0,0.9,Bypassable ✅
3601,0.0,1.0,38.0,0.0,5.0,0.9,Bypassable ✅
6613,1.0,1.0,298.0,0.0,5.0,1.69,Bypassable ✅
3528,0.0,1.0,38.0,0.0,5.0,0.9,Bypassable ✅
10206,1.0,1.0,236.0,0.0,5.0,1.69,Bypassable ✅
3860,0.0,1.0,260.0,0.0,5.0,0.9,Bypassable ✅
5328,1.0,1.0,260.0,0.0,5.0,1.69,Bypassable ✅
9200,1.0,1.0,64.0,0.0,5.0,1.69,Bypassable ✅
9974,1.0,1.0,246.0,0.0,5.0,1.69,Bypassable ✅
4250,0.0,0.0,258.0,0.0,5.0,0.0,Blocked ❌
4463,1.0,0.0,316.0,0.0,5.0,0.79,Further Inspection ⚠️
4705,1.0,1.0,129.0,0.0,5.0,1.69,Bypassable ✅
9737,1.0,1.0,264.0,0.0,5.0,1.69,Bypassable ✅
3761,0.0,1.0,71.0,0.0,5.0,0.9,Bypassable ✅
346,0.0,1.0,243.0,0.0,5.0,0.9,Bypassable ✅
6080,0.0,1.0,244.0,0.0,5.0,0.9,Bypassable ✅
9373,1.0,1.0,71.0,0.0,5.0,1.69,Bypassable ✅
7798,1.0,1.0,241.0,0.0,5.0,1.69,Bypassable ✅
6864,1.0,0.0,46.0,0.0,5.0,0.79,Further Inspection ⚠️
1984,0.0,1.0,269.0,0.0,5.0,0.9,Bypassable ✅
1655,0.0,1.0,66.0,0.0,5.0,0.9,Bypassable ✅
2417,0.0,1.0,240.0,0.0,5.0,0.9,Bypassable ✅
6338,1.0,1.0,313.0,0.0,5.0,1.69,Bypassable ✅
10427,1.0,1.0,71.0,0.0,5.0,1.69,Bypassable ✅
6743,1.0,0.0,46.0,0.0,5.0,0.79,Further Inspection ⚠️
967,0.0,1.0,60.0,0.0,5.0,0.9,Bypassable ✅
5471,1.0,1.0,267.0,0.0,5.0,1.69,Bypassable ✅
8796,1.0,0.0,44.0,0.0,5.0,0.79,Further Inspection ⚠️
5556,1.0,0.0,73.0,0.0,5.0,0.79,Further Inspection ⚠️
7130,1.0,0.0,56.0,0.0,5.0,0.79,Further Inspection ⚠️
4104,0.0,1.0,38.0,0.0,5.0,0.9,Bypassable ✅
3936,0.0,1.0,260.0,0.0,5.0,0.9,Bypassable ✅
7198,1.0,0.0,64.0,0.0,5.0,0.79,Further Inspection ⚠️
398,0.0,1.0,247.0,0.0,5.0,0.9,Bypassable ✅
2287,0.0,1.0,249.0,0.0,5.0,0.9,Bypassable ✅
3673,0.0,1.0,65.0,0.0,5.0,0.9,Bypassable ✅
937,0.0,1.0,68.0,0.0,5.0,0.9,Bypassable ✅
2586,0.0,1.0,68.0,0.0,5.0,0.9,Bypassable ✅
7432,1.0,1.0,44.0,0.0,5.0,1.69,Bypassable ✅
9408,1.0,1.0,64.0,0.0,5.0,1.69,Bypassable ✅
10227,1.0,1.0,279.0,0.0,5.0,1.69,Bypassable ✅
9770,1.0,1.0,76.0,0.0,5.0,1.69,Bypassable ✅
35,0.0,1.0,243.0,0.0,5.0,0.9,Bypassable ✅
8825,1.0,1.0,138.0,0.0,5.0,1.69,Bypassable ✅
5250,1.0,1.0,133.0,0.0,5.0,1.69,Bypassable ✅
4123,0.0,1.0,252.0,0.0,5.0,0.9,Bypassable ✅
518,0.0,0.0,257.0,0.0,5.0,0.0,Blocked ❌
1516,0.0,1.0,257.0,0.0,5.0,0.9,Bypassable ✅
399,0.0,1.0,249.0,0.0,5.0,0.9,Bypassable ✅
39,0.0,1.0,270.0,0.0,5.0,0.9,Bypassable ✅
3790,0.0,0.0,242.0,0.0,5.0,0.0,Blocked ❌
7559,1.0,0.0,12.0,0.0,5.0,0.79,Further Inspection ⚠️
7077,1.0,0.0,46.0,0.0,5.0,0.79,Further Inspection ⚠️
6814,1.0,0.0,6.0,0.0,5.0,0.79,Further Inspection ⚠️
2391,0.0,1.0,234.0,0.0,5.0,0.9,Bypassable ✅
251,0.0,1.0,237.0,0.0,5.0,0.9,Bypassable ✅
5698,1.0,1.0,99.0,0.0,5.0,1.69,Bypassable ✅
4836,1.0,0.0,89.0,0.0,5.0,0.79,Further Inspection ⚠️
14,0.0,1.0,64.0,0.0,5.0,0.9,Bypassable ✅
2453,0.0,1.0,67.0,0.0,5.0,0.9,Bypassable ✅
9237,1.0,1.0,251.0,0.0,5.0,1.69,Bypassable ✅
9802,1.0,1.0,41.0,0.0,5.0,1.69,Bypassable ✅
8788,1.0,1.0,177.0,0.0,5.0,1.69,Bypassable ✅
360,0.0,1.0,242.0,0.0,5.0,0.9,Bypassable ✅
5709,1.0,1.0,99.0,0.0,5.0,1.69,Bypassable ✅
9821,1.0,1.0,51.0,0.0,5.0,1.69,Bypassable ✅
9117,1.0,1.0,70.0,0.0,5.0,1.69,Bypassable ✅
6649,1.0,0.0,96.0,0.0,5.0,0.79,Further Inspection ⚠️
6152,0.0,1.0,244.0,0.0,5.0,0.9,Bypassable ✅
8971,1.0,1.0,77.0,0.0,5.0,1.69,Bypassable ✅
8494,1.0,1.0,63.0,0.0,5.0,1.69,Bypassable ✅
7039,1.0,1.0,68.0,0.0,5.0,1.69,Bypassable ✅
1593,0.0,1.0,59.0,0.0,5.0,0.9,Bypassable ✅
510,0.0,1.0,254.0,0.0,5.0,0.9,Bypassable ✅
6280,1.0,1.0,149.0,0.0,5.0,1.69,Bypassable ✅
9682,1.0,1.0,41.0,0.0,5.0,1.69,Bypassable ✅
10480,1.0,1.0,71.0,0.0,5.0,1.69,Bypassable ✅
4847,1.0,1.0,102.0,0.0,5.0,1.69,Bypassable ✅
1747,0.0,1.0,240.0,0.0,5.0,0.9,Bypassable ✅
1247,0.0,1.0,247.0,0.0,5.0,0.9,Bypassable ✅
7204,1.0,0.0,46.0,0.0,5.0,0.79,Further Inspection ⚠️
2859,0.0,1.0,38.0,0.0,5.0,0.9,Bypassable ✅
4629,1.0,0.0,55.0,0.0,5.0,0.79,Further Inspection ⚠️
10330,1.0,0.0,9.0,0.0,5.0,0.79,Further Inspection ⚠️
10029,1.0,1.0,65.0,0.0,5.0,1.69,Bypassable ✅
5402,1.0,1.0,262.0,0.0,5.0,1.69,Bypassable ✅
8067,1.0,0.0,99.0,0.0,5.0,0.79,Further Inspection ⚠️
8807,1.0,1.0,171.0,0.0,5.0,1.69,Bypassable ✅
7338,1.0,1.0,123.0,0.0,5.0,1.69,Bypassable ✅
4486,1.0,1.0,115.0,0.0,5.0,1.69,Bypassable ✅
6855,1.0,0.0,46.0,0.0,5.0,0.79,Further Inspection ⚠️
2487,0.0,1.0,74.0,0.0,5.0,0.9,Bypassable ✅
10340,1.0,1.0,239.0,0.0,5.0,1.69,Bypassable ✅
2903,0.0,1.0,71.0,0.0,5.0,0.9,Bypassable ✅
4191,0.0,1.0,62.0,0.0,5.0,0.9,Bypassable ✅
9797,1.0,1.0,75.0,0.0,5.0,1.69,Bypassable ✅
10465,1.0,1.0,41.0,0.0,5.0,1.69,Bypassable ✅
7465,1.0,0.0,93.0,0.0,5.0,0.79,Further Inspection ⚠️
2692,0.0,1.0,38.0,0.0,5.0,0.9,Bypassable ✅
592,0.0,1.0,253.0,0.0,5.0,0.9,Bypassable ✅
4614,1.0,1.0,119.0,0.0,5.0,1.69,Bypassable ✅
2030,0.0,1.0,71.0,0.0,5.0,0.9,Bypassable ✅
1584,0.0,1.0,243.0,0.0,5.0,0.9,Bypassable ✅
9611,1.0,0.0,263.0,0.0,5.0,0.79,Further Inspection ⚠️
7217,1.0,0.0,20.0,0.0,5.0,0.79,Further Inspection ⚠️
8136,1.0,1.0,173.0,0.0,5.0,1.69,Bypassable ✅
1766,0.0,1.0,38.0,0.0,5.0,0.9,Bypassable ✅
6143,0.0,1.0,71.0,0.0,5.0,0.9,Bypassable ✅
1509,0.0,1.0,38.0,0.0,5.0,0.9,Bypassable ✅
5431,1.0,1.0,127.0,0.0,5.0,1.69,Bypassable ✅
439,0.0,1.0,249.0,0.0,5.0,0.9,Bypassable ✅
5358,1.0,0.0,52.0,0.0,5.0,0.79,Further Inspection ⚠️
6013,0.0,1.0,58.0,0.0,5.0,0.9,Bypassable ✅
4609,1.0,1.0,314.0,0.0,5.0,1.69,Bypassable ✅
7502,1.0,1.0,274.0,0.0,5.0,1.69,Bypassable ✅
8809,1.0,1.0,326.0,0.0,5.0,1.69,Bypassable ✅
1746,0.0,1.0,239.0,0.0,5.0,0.9,Bypassable ✅
3776,0.0,1.0,38.0,0.0,5.0,0.9,Bypassable ✅
3413,0.0,1.0,269.0,0.0,5.0,0.9,Bypassable ✅
3745,0.0,1.0,63.0,0.0,5.0,0.9,Bypassable ✅
3749,0.0,1.0,59.0,0.0,5.0,0.9,Bypassable ✅
8372,1.0,0.0,14.0,0.0,5.0,0.79,Further Inspection ⚠️
1453,0.0,1.0,64.0,0.0,5.0,0.9,Bypassable ✅
4012,0.0,1.0,71.0,0.0,5.0,0.9,Bypassable ✅
8310,1.0,1.0,335.0,0.0,5.0,1.69,Bypassable ✅
6594,1.0,1.0,77.0,0.0,5.0,1.69,Bypassable ✅
4907,1.0,0.0,25.0,0.0,5.0,0.79,Further Inspection ⚠️
3855,0.0,1.0,64.0,0.0,5.0,0.9,Bypassable ✅
8481,1.0,1.0,281.0,0.0,5.0,1.69,Bypassable ✅
3527,0.0,1.0,58.0,0.0,5.0,0.9,Bypassable ✅
2406,0.0,1.0,256.0,0.0,5.0,0.9,Bypassable ✅
7586,1.0,1.0,250.0,0.0,5.0,1.69,Bypassable ✅
4533,1.0,1.0,76.0,0.0,5.0,1.69,Bypassable ✅
533,0.0,1.0,253.0,0.0,5.0,0.9,Bypassable ✅
6968,1.0,1.0,69.0,0.0,5.0,1.69,Bypassable ✅
4483,1.0,1.0,308.0,0.0,5.0,1.69,Bypassable ✅
900,0.0,1.0,71.0,0.0,5.0,0.9,Bypassable ✅
3753,0.0,1.0,38.0,0.0,5.0,0.9,Bypassable ✅
6105,0.0,1.0,74.0,0.0,5.0,0.9,Bypassable ✅
2748,0.0,1.0,37.0,0.0,5.0,0.9,Bypassable ✅
9024,1.0,1.0,75.0,0.0,5.0,1.69,Bypassable ✅
9677,1.0,1.0,239.0,0.0,5.0,1.69,Bypassable ✅
7671,1.0,1.0,43.0,0.0,5.0,1.69,Bypassable ✅
4999,1.0,0.0,96.0,0.0,5.0,0.79,Further Inspection ⚠️
2974,0.0,1.0,60.0,0.0,5.0,0.9,Bypassable ✅
8192,1.0,1.0,58.0,0.0,5.0,1.69,Bypassable ✅
3883,0.0,1.0,239.0,0.0,5.0,0.9,Bypassable ✅
1056,0.0,1.0,251.0,0.0,5.0,0.9,Bypassable ✅
9226,1.0,1.0,76.0,0.0,5.0,1.69,Bypassable ✅
7324,1.0,1.0,43.0,0.0,5.0,1.69,Bypassable ✅
1775,0.0,1.0,60.0,0.0,5.0,0.9,Bypassable ✅
6920,1.0,0.0,46.0,0.0,5.0,0.79,Further Inspection ⚠️
1576,0.0,1.0,258.0,0.0,5.0,0.9,Bypassable ✅
1963,0.0,1.0,238.0,0.0,5.0,0.9,Bypassable ✅
2855,0.0,1.0,245.0,0.0,5.0,0.9,Bypassable ✅
2157,0.0,1.0,69.0,0.0,5.0,0.9,Bypassable ✅
9791,1.0,1.0,255.0,0.0,5.0,1.69,Bypassable ✅
1494,0.0,1.0,277.0,0.0,5.0,0.9,Bypassable ✅
9488,1.0,1.0,41.0,0.0,5.0,1.69,Bypassable ✅
6209,1.0,1.0,105.0,0.0,5.0,1.69,Bypassable ✅
7387,1.0,1.0,44.0,0.0,5.0,1.69,Bypassable ✅
4681,1.0,1.0,110.0,0.0,5.0,1.69,Bypassable ✅
1501,0.0,1.0,68.0,0.0,5.0,0.9,Bypassable ✅
2492,0.0,1.0,274.0,0.0,5.0,0.9,Bypassable ✅
6006,0.0,1.0,38.0,0.0,5.0,0.9,Bypassable ✅
318,0.0,1.0,243.0,0.0,5.0,0.9,Bypassable ✅
5896,0.0,1.0,59.0,0.0,5.0,0.9,Bypassable ✅
3963,0.0,1.0,256.0,0.0,5.0,0.9,Bypassable ✅
2836,0.0,1.0,38.0,0.0,5.0,0.9,Bypassable ✅
7573,1.0,1.0,242.0,0.0,5.0,1.69,Bypassable ✅
10101,1.0,1.0,67.0,0.0,5.0,1.69,Bypassable ✅
9043,1.0,0.0,75.0,0.0,5.0,0.79,Further Inspection ⚠️
8593,1.0,1.0,177.0,0.0,5.0,1.69,Bypassable ✅
5487,1.0,1.0,85.0,0.0,5.0,1.69,Bypassable ✅
9658,1.0,1.0,70.0,0.0,5.0,1.69,Bypassable ✅
1245,0.0,1.0,256.0,0.0,5.0,0.9,Bypassable ✅
1022,0.0,1.0,63.0,0.0,5.0,0.9,Bypassable ✅
2238,0.0,1.0,231.0,0.0,5.0,0.9,Bypassable ✅
9277,1.0,1.0,36.0,0.0,5.0,1.69,Bypassable ✅
3060,0.0,1.0,250.0,0.0,5.0,0.9,Bypassable ✅
135,0.0,1.0,270.0,0.0,5.0,0.9,Bypassable ✅
487,0.0,1.0,251.0,0.0,5.0,0.9,Bypassable ✅
8615,1.0,1.0,56.0,0.0,5.0,1.69,Bypassable ✅
6135,0.0,1.0,242.0,0.0,5.0,0.9,Bypassable ✅
4779,1.0,1.0,327.0,0.0,5.0,1.69,Bypassable ✅
3428,0.0,1.0,223.0,0.0,5.0,0.9,Bypassable ✅
3842,0.0,1.0,75.0,0.0,5.0,0.9,Bypassable ✅
5678,1.0,1.0,326.0,0.0,5.0,1.69,Bypassable ✅
10346,1.0,1.0,77.0,0.0,5.0,1.69,Bypassable ✅
694,0.0,1.0,264.0,0.0,5.0,0.9,Bypassable ✅
3463,0.0,1.0,38.0,0.0,5.0,0.9,Bypassable ✅
1068,0.0,1.0,251.0,0.0,5.0,0.9,Bypassable ✅
9836,1.0,1.0,41.0,0.0,5.0,1.69,Bypassable ✅
9825,1.0,1.0,72.0,0.0,5.0,1.69,Bypassable ✅
5284,1.0,0.0,118.0,0.0,5.0,0.79,Further Inspection ⚠️
9602,1.0,1.0,240.0,0.0,5.0,1.69,Bypassable ✅
5081,1.0,1.0,567.0,0.0,5.0,1.69,Bypassable ✅
914,0.0,1.0,65.0,0.0,5.0,0.9,Bypassable ✅
10433,1.0,1.0,74.0,0.0,5.0,1.69,Bypassable ✅
1123,0.0,1.0,241.0,0.0,5.0,0.9,Bypassable ✅
8153,1.0,1.0,138.0,0.0,5.0,1.69,Bypassable ✅
1183,0.0,1.0,65.0,0.0,5.0,0.9,Bypassable ✅
927,0.0,1.0,68.0,0.0,5.0,0.9,Bypassable ✅
483,0.0,1.0,249.0,0.0,5.0,0.9,Bypassable ✅
9641,1.0,0.0,274.0,0.0,5.0,0.79,Further Inspection ⚠️
4317,0.0,1.0,59.0,0.0,5.0,0.9,Bypassable ✅
1112,0.0,1.0,62.0,0.0,5.0,0.9,Bypassable ✅
8029,1.0,1.0,48.0,0.0,5.0,1.69,Bypassable ✅
3519,0.0,1.0,74.0,0.0,5.0,0.9,Bypassable ✅
1208,0.0,1.0,74.0,0.0,5.0,0.9,Bypassable ✅
10627,1.0,1.0,41.0,0.0,5.0,1.69,Bypassable ✅
8312,1.0,1.0,309.0,0.0,5.0,1.69,Bypassable ✅
1793,0.0,1.0,232.0,0.0,5.0,0.9,Bypassable ✅
2523,0.0,1.0,274.0,0.0,5.0,0.9,Bypassable ✅
8253,1.0,0.0,306.0,0.0,5.0,0.79,Further Inspection ⚠️
6334,1.0,1.0,311.0,0.0,5.0,1.69,Bypassable ✅
7328,1.0,1.0,44.0,0.0,5.0,1.69,Bypassable ✅
10527,1.0,1.0,41.0,0.0,5.0,1.69,Bypassable ✅
8868,1.0,1.0,70.0,0.0,5.0,1.69,Bypassable ✅
6636,1.0,1.0,302.0,0.0,5.0,1.69,Bypassable ✅
2012,0.0,1.0,67.0,0.0,5.0,0.9,Bypassable ✅
8628,1.0,1.0,103.0,0.0,5.0,1.69,Bypassable ✅
7273,1.0,1.0,54.0,0.0,5.0,1.69,Bypassable ✅
10523,1.0,1.0,74.0,0.0,5.0,1.69,Bypassable ✅
5792,1.0,1.0,105.0,0.0,5.0,1.69,Bypassable ✅
3043,0.0,1.0,74.0,0.0,5.0,0.9,Bypassable ✅
6107,0.0,1.0,38.0,0.0,5.0,0.9,Bypassable ✅
8337,1.0,1.0,285.0,0.0,5.0,1.69,Bypassable ✅
7566,1.0,1.0,48.0,0.0,5.0,1.69,Bypassable ✅
8786,1.0,0.0,44.0,0.0,5.0,0.79,Further Inspection ⚠️
1373,0.0,1.0,71.0,0.0,5.0,0.9,Bypassable ✅
3047,0.0,1.0,71.0,0.0,5.0,0.9,Bypassable ✅
1595,0.0,1.0,258.0,0.0,5.0,0.9,Bypassable ✅
4309,0.0,1.0,275.0,0.0,5.0,0.9,Bypassable ✅
5082,1.0,0.0,25.0,0.0,5.0,0.79,Further Inspection ⚠️
3441,0.0,1.0,239.0,0.0,5.0,0.9,Bypassable ✅
7930,1.0,1.0,125.0,0.0,5.0,1.69,Bypassable ✅
9890,1.0,1.0,63.0,0.0,5.0,1.69,Bypassable ✅
3,0.0,1.0,62.0,0.0,5.0,0.9,Bypassable ✅
5003,1.0,1.0,283.0,0.0,5.0,1.69,Bypassable ✅
1768,0.0,1.0,61.0,0.0,5.0,0.9,Bypassable ✅
1254,0.0,1.0,58.0,0.0,5.0,0.9,Bypassable ✅
9726,1.0,1.0,248.0,0.0,5.0,1.69,Bypassable ✅
6510,1.0,0.0,151.0,0.0,5.0,0.79,Further Inspection ⚠️
9973,1.0,1.0,41.0,0.0,5.0,1.69,Bypassable ✅
582,0.0,1.0,258.0,0.0,5.0,0.9,Bypassable ✅
5577,1.0,1.0,49.0,0.0,5.0,1.69,Bypassable ✅
2423,0.0,1.0,38.0,0.0,5.0,0.9,Bypassable ✅
2310,0.0,1.0,38.0,0.0,5.0,0.9,Bypassable ✅
7423,1.0,1.0,304.0,0.0,5.0,1.69,Bypassable ✅
6275,1.0,1.0,112.0,0.0,5.0,1.69,Bypassable ✅
10351,1.0,1.0,77.0,0.0,5.0,1.69,Bypassable ✅
1825,0.0,1.0,71.0,0.0,5.0,0.9,Bypassable ✅
10263,1.0,1.0,36.0,0.0,5.0,1.69,Bypassable ✅
4608,1.0,1.0,129.0,0.0,5.0,1.69,Bypassable ✅
8441,1.0,0.0,26.0,0.0,5.0,0.79,Further Inspection ⚠️
4504,1.0,1.0,107.0,0.0,5.0,1.69,Bypassable ✅
1885,0.0,1.0,62.0,0.0,5.0,0.9,Bypassable ✅
3400,0.0,1.0,67.0,0.0,5.0,0.9,Bypassable ✅
5418,1.0,0.0,292.0,0.0,5.0,0.79,Further Inspection ⚠️
7703,1.0,1.0,44.0,0.0,5.0,1.69,Bypassable ✅
6818,1.0,1.0,261.0,0.0,5.0,1.69,Bypassable ✅
10103,1.0,1.0,71.0,0.0,5.0,1.69,Bypassable ✅
1118,0.0,1.0,58.0,0.0,5.0,0.9,Bypassable ✅
5128,1.0,1.0,260.0,0.0,5.0,1.69,Bypassable ✅
7276,1.0,1.0,309.0,0.0,5.0,1.69,Bypassable ✅
608,0.0,1.0,254.0,0.0,5.0,0.9,Bypassable ✅
5436,1.0,1.0,265.0,0.0,5.0,1.69,Bypassable ✅
2919,0.0,1.0,60.0,0.0,5.0,0.9,Bypassable ✅
5899,0.0,1.0,65.0,0.0,5.0,0.9,Bypassable ✅
8810,1.0,1.0,76.0,0.0,5.0,1.69,Bypassable ✅
6180,1.0,1.0,307.0,0.0,5.0,1.69,Bypassable ✅
1149,0.0,1.0,68.0,0.0,5.0,0.9,Bypassable ✅
1877,0.0,1.0,38.0,0.0,5.0,0.9,Bypassable ✅
8523,1.0,0.0,65.0,0.0,5.0,0.79,Further Inspection ⚠️
6390,1.0,0.0,138.0,0.0,5.0,0.79,Further Inspection ⚠️
10030,1.0,1.0,61.0,0.0,5.0,1.69,Bypassable ✅
4354,1.0,1.0,117.0,0.0,5.0,1.69,Bypassable ✅
1087,0.0,1.0,71.0,0.0,5.0,0.9,Bypassable ✅
7666,1.0,1.0,136.0,0.0,5.0,1.69,Bypassable ✅
8758,1.0,1.0,268.0,0.0,5.0,1.69,Bypassable ✅
5639,1.0,1.0,110.0,0.0,5.0,1.69,Bypassable ✅
3704,0.0,1.0,253.0,0.0,5.0,0.9,Bypassable ✅
9709,1.0,1.0,236.0,0.0,5.0,1.69,Bypassable ✅
8734,1.0,0.0,109.0,0.0,5.0,0.79,Further Inspection ⚠️
3207,0.0,1.0,75.0,0.0,5.0,0.9,Bypassable ✅
5190,1.0,1.0,237.0,0.0,5.0,1.69,Bypassable ✅
4065,0.0,1.0,57.0,0.0,5.0,0.9,Bypassable ✅
7293,1.0,1.0,65.0,0.0,5.0,1.69,Bypassable ✅
6597,1.0,1.0,113.0,0.0,5.0,1.69,Bypassable ✅
4288,0.0,1.0,243.0,0.0,5.0,0.9,Bypassable ✅
1217,0.0,1.0,38.0,0.0,5.0,0.9,Bypassable ✅
3827,0.0,1.0,65.0,0.0,5.0,0.9,Bypassable ✅
5114,1.0,1.0,410.0,0.0,5.0,1.69,Bypassable ✅
9464,1.0,1.0,77.0,0.0,5.0,1.69,Bypassable ✅
4024,0.0,1.0,38.0,0.0,5.0,0.9,Bypassable ✅
7951,1.0,0.0,128.0,0.0,5.0,0.79,Further Inspection ⚠️
6130,0.0,1.0,245.0,0.0,5.0,0.9,Bypassable ✅
2457,0.0,1.0,260.0,0.0,5.0,0.9,Bypassable ✅
3526,0.0,1.0,68.0,0.0,5.0,0.9,Bypassable ✅
9230,1.0,1.0,233.0,0.0,5.0,1.69,Bypassable ✅
1284,0.0,1.0,61.0,0.0,5.0,0.9,Bypassable ✅
2899,0.0,1.0,59.0,0.0,5.0,0.9,Bypassable ✅
1805,0.0,1.0,63.0,0.0,5.0,0.9,Bypassable ✅
9293,1.0,1.0,41.0,0.0,5.0,1.69,Bypassable ✅
1454,0.0,1.0,255.0,0.0,5.0,0.9,Bypassable ✅
2150,0.0,1.0,67.0,0.0,5.0,0.9,Bypassable ✅
10151,1.0,1.0,77.0,0.0,5.0,1.69,Bypassable ✅
3210,0.0,1.0,249.0,0.0,5.0,0.9,Bypassable ✅
4842,1.0,1.0,141.0,0.0,5.0,1.69,Bypassable ✅
5676,1.0,0.0,43.0,0.0,5.0,0.79,Further Inspection ⚠️
6192,1.0,1.0,75.0,0.0,5.0,1.69,Bypassable ✅
3024,0.0,1.0,270.0,0.0,5.0,0.9,Bypassable ✅
5441,1.0,1.0,284.0,0.0,5.0,1.69,Bypassable ✅
6533,1.0,0.0,109.0,0.0,5.0,0.79,Further Inspection ⚠️
7702,1.0,1.0,237.0,0.0,5.0,1.69,Bypassable ✅
9075,1.0,0.0,71.0,0.0,5.0,0.79,Further Inspection ⚠️
4464,1.0,0.0,350.0,0.0,5.0,0.79,Further Inspection ⚠️
2254,0.0,1.0,61.0,0.0,5.0,0.9,Bypassable ✅
8681,1.0,1.0,44.0,0.0,5.0,1.69,Bypassable ✅
543,0.0,1.0,252.0,0.0,5.0,0.9,Bypassable ✅
4860,1.0,1.0,126.0,0.0,5.0,1.69,Bypassable ✅
4824,1.0,1.0,307.0,0.0,5.0,1.69,Bypassable ✅
4474,1.0,0.0,332.0,0.0,5.0,0.79,Further Inspection ⚠️
1350,0.0,1.0,61.0,0.0,5.0,0.9,Bypassable ✅
6759,1.0,0.0,46.0,0.0,5.0,0.79,Further Inspection ⚠️
3244,0.0,1.0,38.0,0.0,5.0,0.9,Bypassable ✅
131,0.0,1.0,271.0,0.0,5.0,0.9,Bypassable ✅
2626,0.0,1.0,242.0,0.0,5.0,0.9,Bypassable ✅
2676,0.0,1.0,72.0,0.0,5.0,0.9,Bypassable ✅
9260,1.0,1.0,74.0,0.0,5.0,1.69,Bypassable ✅
4264,0.0,1.0,254.0,0.0,5.0,0.9,Bypassable ✅
9445,1.0,1.0,41.0,0.0,5.0,1.69,Bypassable ✅
9643,1.0,1.0,41.0,0.0,5.0,1.69,Bypassable ✅
1488,0.0,1.0,60.0,0.0,5.0,0.9,Bypassable ✅
96,0.0,1.0,257.0,0.0,5.0,0.9,Bypassable ✅
8614,1.0,1.0,62.0,0.0,5.0,1.69,Bypassable ✅
6250,1.0,0.0,131.0,0.0,5.0,0.79,Further Inspection ⚠️
311,0.0,1.0,243.0,0.0,5.0,0.9,Bypassable ✅
5790,1.0,1.0,49.0,0.0,5.0,1.69,Bypassable ✅
4863,1.0,0.0,322.0,0.0,5.0,0.79,Further Inspection ⚠️
3881,0.0,0.0,60.0,0.0,5.0,0.0,Blocked ❌
8938,1.0,0.0,71.0,0.0,5.0,0.79,Further Inspection ⚠️
6505,1.0,1.0,96.0,0.0,5.0,1.69,Bypassable ✅
9136,1.0,0.0,22.0,0.0,5.0,0.79,Further Inspection ⚠️
10199,1.0,1.0,41.0,0.0,5.0,1.69,Bypassable ✅
469,0.0,1.0,252.0,0.0,5.0,0.9,Bypassable ✅
6442,1.0,1.0,100.0,0.0,5.0,1.69,Bypassable ✅
407,0.0,1.0,243.0,0.0,5.0,0.9,Bypassable ✅
9769,1.0,1.0,41.0,0.0,5.0,1.69,Bypassable ✅
10594,1.0,1.0,39.0,0.0,5.0,1.69,Bypassable ✅
5526,1.0,1.0,47.0,0.0,5.0,1.69,Bypassable ✅
563,0.0,1.0,255.0,0.0,5.0,0.9,Bypassable ✅
119,0.0,1.0,260.0,0.0,5.0,0.9,Bypassable ✅
3944,0.0,1.0,71.0,0.0,5.0,0.9,Bypassable ✅
3826,0.0,1.0,68.0,0.0,5.0,0.9,Bypassable ✅
562,0.0,1.0,255.0,0.0,5.0,0.9,Bypassable ✅
5384,1.0,1.0,399.0,0.0,5.0,1.69,Bypassable ✅
1413,0.0,1.0,68.0,0.0,5.0,0.9,Bypassable ✅
1791,0.0,1.0,72.0,0.0,5.0,0.9,Bypassable ✅
6200,1.0,0.0,119.0,0.0,5.0,0.79,Further Inspection ⚠️
8889,1.0,0.0,9.0,0.0,5.0,0.79,Further Inspection ⚠️
6582,1.0,1.0,317.0,0.0,5.0,1.69,Bypassable ✅
7308,1.0,1.0,119.0,0.0,5.0,1.69,Bypassable ✅
2514,0.0,1.0,253.0,0.0,5.0,0.9,Bypassable ✅
5062,1.0,1.0,602.0,0.0,5.0,1.69,Bypassable ✅
3312,0.0,1.0,64.0,0.0,5.0,0.9,Bypassable ✅
8259,1.0,1.0,264.0,0.0,5.0,1.69,Bypassable ✅
10219,1.0,1.0,278.0,0.0,5.0,1.69,Bypassable ✅
6215,1.0,0.0,58.0,0.0,5.0,0.79,Further Inspection ⚠️
8703,1.0,1.0,118.0,0.0,5.0,1.69,Bypassable ✅
7347,1.0,1.0,68.0,0.0,5.0,1.69,Bypassable ✅
7323,1.0,1.0,118.0,0.0,5.0,1.69,Bypassable ✅
9096,1.0,0.0,77.0,0.0,5.0,0.79,Further Inspection ⚠️
1084,0.0,1.0,38.0,0.0,5.0,0.9,Bypassable ✅
1458,0.0,1.0,38.0,0.0,5.0,0.9,Bypassable ✅
6752,1.0,0.0,57.0,0.0,5.0,0.79,Further Inspection ⚠️
7415,1.0,1.0,111.0,0.0,5.0,1.69,Bypassable ✅
651,0.0,1.0,264.0,0.0,5.0,0.9,Bypassable ✅
6950,1.0,0.0,45.0,0.0,5.0,0.79,Further Inspection ⚠️
8377,1.0,1.0,56.0,0.0,5.0,1.69,Bypassable ✅
6408,1.0,0.0,40.0,0.0,5.0,0.79,Further Inspection ⚠️
450,0.0,1.0,250.0,0.0,5.0,0.9,Bypassable ✅
7738,1.0,1.0,44.0,0.0,5.0,1.69,Bypassable ✅
293,0.0,1.0,240.0,0.0,5.0,0.9,Bypassable ✅
4139,0.0,1.0,242.0,0.0,5.0,0.9,Bypassable ✅
2913,0.0,1.0,241.0,0.0,5.0,0.9,Bypassable ✅
6550,1.0,1.0,96.0,0.0,5.0,1.69,Bypassable ✅
3931,0.0,1.0,75.0,0.0,5.0,0.9,Bypassable ✅
8829,1.0,1.0,278.0,0.0,5.0,1.69,Bypassable ✅
6092,0.0,1.0,67.0,0.0,5.0,0.9,Bypassable ✅
3143,0.0,1.0,67.0,0.0,5.0,0.9,Bypassable ✅
1406,0.0,1.0,60.0,0.0,5.0,0.9,Bypassable ✅
7134,1.0,1.0,46.0,0.0,5.0,1.69,Bypassable ✅
9384,1.0,1.0,41.0,0.0,5.0,1.69,Bypassable ✅
3184,0.0,1.0,38.0,0.0,5.0,0.9,Bypassable ✅
6433,1.0,1.0,252.0,0.0,5.0,1.69,Bypassable ✅
3524,0.0,1.0,245.0,0.0,5.0,0.9,Bypassable ✅
10510,1.0,1.0,63.0,0.0,5.0,1.69,Bypassable ✅
10249,1.0,1.0,69.0,0.0,5.0,1.69,Bypassable ✅
9419,1.0,1.0,70.0,0.0,5.0,1.69,Bypassable ✅
10252,1.0,1.0,41.0,0.0,5.0,1.69,Bypassable ✅
4864,1.0,1.0,271.0,0.0,5.0,1.69,Bypassable ✅
10520,1.0,1.0,70.0,0.0,5.0,1.69,Bypassable ✅
6270,1.0,1.0,264.0,0.0,5.0,1.69,Bypassable ✅
4484,1.0,0.0,323.0,0.0,5.0,0.79,Further Inspection ⚠️
7634,1.0,0.0,327.0,0.0,5.0,0.79,Further Inspection ⚠️
4372,1.0,1.0,308.0,0.0,5.0,1.69,Bypassable ✅
8540,1.0,1.0,48.0,0.0,5.0,1.69,Bypassable ✅
9796,1.0,1.0,258.0,0.0,5.0,1.69,Bypassable ✅
7872,1.0,1.0,44.0,0.0,5.0,1.69,Bypassable ✅
500,0.0,1.0,249.0,0.0,5.0,0.9,Bypassable ✅
2982,0.0,1.0,67.0,0.0,5.0,0.9,Bypassable ✅
2926,0.0,1.0,56.0,0.0,5.0,0.9,Bypassable ✅
7194,1.0,0.0,65.0,0.0,5.0,0.79,Further Inspection ⚠️
4639,1.0,1.0,126.0,0.0,5.0,1.69,Bypassable ✅
259,0.0,1.0,240.0,0.0,5.0,0.9,Bypassable ✅
8781,1.0,1.0,44.0,0.0,5.0,1.69,Bypassable ✅
7900,1.0,1.0,134.0,0.0,5.0,1.69,Bypassable ✅
3620,0.0,1.0,74.0,0.0,5.0,0.9,Bypassable ✅
6747,1.0,0.0,45.0,0.0,5.0,0.79,Further Inspection ⚠️
10590,1.0,1.0,68.0,0.0,5.0,1.69,Bypassable ✅
7670,1.0,1.0,47.0,0.0,5.0,1.69,Bypassable ✅
5680,1.0,1.0,316.0,0.0,5.0,1.69,Bypassable ✅
7864,1.0,1.0,118.0,0.0,5.0,1.69,Bypassable ✅
1145,0.0,1.0,241.0,0.0,5.0,0.9,Bypassable ✅
6112,0.0,1.0,239.0,0.0,5.0,0.9,Bypassable ✅
5837,0.0,1.0,271.0,0.0,5.0,0.9,Bypassable ✅
10085,1.0,1.0,67.0,0.0,5.0,1.69,Bypassable ✅
9152,1.0,1.0,71.0,0.0,5.0,1.69,Bypassable ✅
3656,0.0,1.0,61.0,0.0,5.0,0.9,Bypassable ✅
7211,1.0,0.0,46.0,0.0,5.0,0.79,Further Inspection ⚠️
10324,1.0,1.0,41.0,0.0,5.0,1.69,Bypassable ✅
2929,0.0,1.0,72.0,0.0,5.0,0.9,Bypassable ✅
7791,1.0,1.0,171.0,0.0,5.0,1.69,Bypassable ✅
6724,1.0,1.0,229.0,0.0,5.0,1.69,Bypassable ✅
2288,0.0,1.0,236.0,0.0,5.0,0.9,Bypassable ✅
7731,1.0,1.0,44.0,0.0,5.0,1.69,Bypassable ✅
6498,1.0,0.0,158.0,0.0,5.0,0.79,Further Inspection ⚠️
9012,1.0,0.0,77.0,0.0,5.0,0.79,Further Inspection ⚠️
9281,1.0,1.0,40.0,0.0,5.0,1.69,Bypassable ✅
1617,0.0,1.0,252.0,0.0,5.0,0.9,Bypassable ✅
8490,1.0,1.0,276.0,0.0,5.0,1.69,Bypassable ✅
9291,1.0,1.0,41.0,0.0,5.0,1.69,Bypassable ✅
1594,0.0,1.0,240.0,0.0,5.0,0.9,Bypassable ✅
9251,1.0,1.0,58.0,0.0,5.0,1.69,Bypassable ✅
9515,1.0,1.0,76.0,0.0,5.0,1.69,Bypassable ✅
8440,1.0,1.0,231.0,0.0,5.0,1.69,Bypassable ✅
6460,1.0,1.0,306.0,0.0,5.0,1.69,Bypassable ✅
5288,1.0,0.0,123.0,0.0,5.0,0.79,Further Inspection ⚠️
8693,1.0,1.0,275.0,0.0,5.0,1.69,Bypassable ✅
2215,0.0,1.0,38.0,0.0,5.0,0.9,Bypassable ✅
6382,1.0,0.0,151.0,0.0,5.0,0.79,Further Inspection ⚠️
5044,1.0,1.0,131.0,0.0,5.0,1.69,Bypassable ✅
673,0.0,1.0,262.0,0.0,5.0,0.9,Bypassable ✅
1683,0.0,1.0,65.0,0.0,5.0,0.9,Bypassable ✅
8022,1.0,1.0,119.0,0.0,5.0,1.69,Bypassable ✅
5763,1.0,1.0,75.0,0.0,5.0,1.69,Bypassable ✅
3562,0.0,1.0,252.0,0.0,5.0,0.9,Bypassable ✅
7841,1.0,1.0,319.0,0.0,5.0,1.69,Bypassable ✅
8231,1.0,1.0,295.0,0.0,5.0,1.69,Bypassable ✅
9955,1.0,1.0,63.0,0.0,5.0,1.69,Bypassable ✅
7318,1.0,0.0,34.0,0.0,5.0,0.79,Further Inspection ⚠️
565,0.0,1.0,253.0,0.0,5.0,0.9,Bypassable ✅
7774,1.0,1.0,326.0,0.0,5.0,1.69,Bypassable ✅
3958,0.0,1.0,38.0,0.0,5.0,0.9,Bypassable ✅
5071,1.0,1.0,174.0,0.0,5.0,1.69,Bypassable ✅
8148,1.0,1.0,296.0,0.0,5.0,1.69,Bypassable ✅
9468,1.0,1.0,65.0,0.0,5.0,1.69,Bypassable ✅
6961,1.0,0.0,46.0,0.0,5.0,0.79,Further Inspection ⚠️
1368,0.0,0.0,60.0,0.0,5.0,0.0,Blocked ❌
6769,1.0,0.0,46.0,0.0,5.0,0.79,Further Inspection ⚠️
2517,0.0,1.0,59.0,0.0,5.0,0.9,Bypassable ✅
2737,0.0,1.0,259.0,0.0,5.0,0.9,Bypassable ✅
10037,1.0,1.0,74.0,0.0,5.0,1.69,Bypassable ✅
4688,1.0,0.0,117.0,0.0,5.0,0.79,Further Inspection ⚠️
2183,0.0,1.0,38.0,0.0,5.0,0.9,Bypassable ✅
2474,0.0,1.0,236.0,0.0,5.0,0.9,Bypassable ✅
6159,0.0,1.0,57.0,0.0,5.0,0.9,Bypassable ✅
7436,1.0,1.0,111.0,0.0,5.0,1.69,Bypassable ✅
2039,0.0,1.0,61.0,0.0,5.0,0.9,Bypassable ✅
10289,1.0,1.0,245.0,0.0,5.0,1.69,Bypassable ✅
7021,1.0,1.0,73.0,0.0,5.0,1.69,Bypassable ✅
321,0.0,1.0,251.0,0.0,5.0,0.9,Bypassable ✅
8091,1.0,1.0,44.0,0.0,5.0,1.69,Bypassable ✅
426,0.0,1.0,250.0,0.0,5.0,0.9,Bypassable ✅
427,0.0,1.0,250.0,0.0,5.0,0.9,Bypassable ✅
4797,1.0,1.0,308.0,0.0,5.0,1.69,Bypassable ✅
9912,1.0,1.0,73.0,0.0,5.0,1.69,Bypassable ✅
6620,1.0,1.0,44.0,0.0,5.0,1.69,Bypassable ✅
9186,1.0,0.0,39.0,0.0,5.0,0.79,Further Inspection ⚠️
5957,0.0,1.0,58.0,0.0,5.0,0.9,Bypassable ✅
80,0.0,0.0,251.0,0.0,5.0,0.0,Blocked ❌
3964,0.0,1.0,74.0,0.0,5.0,0.9,Bypassable ✅
7073,1.0,0.0,46.0,0.0,5.0,0.79,Further Inspection ⚠️
3344,0.0,1.0,68.0,0.0,5.0,0.9,Bypassable ✅
335,0.0,1.0,246.0,0.0,5.0,0.9,Bypassable ✅
5657,1.0,1.0,106.0,0.0,5.0,1.69,Bypassable ✅
4187,0.0,1.0,261.0,0.0,5.0,0.9,Bypassable ✅
9139,1.0,0.0,22.0,0.0,5.0,0.79,Further Inspection ⚠️
9984,1.0,1.0,60.0,0.0,5.0,1.69,Bypassable ✅
9350,1.0,1.0,251.0,0.0,5.0,1.69,Bypassable ✅
10404,1.0,0.0,20.0,0.0,5.0,0.79,Further Inspection ⚠️
8052,1.0,1.0,44.0,0.0,5.0,1.69,Bypassable ✅
5767,1.0,0.0,78.0,0.0,5.0,0.79,Further Inspection ⚠️
9831,1.0,1.0,62.0,0.0,5.0,1.69,Bypassable ✅
330,0.0,1.0,242.0,0.0,5.0,0.9,Bypassable ✅
4772,1.0,1.0,303.0,0.0,5.0,1.69,Bypassable ✅
9535,1.0,1.0,248.0,0.0,5.0,1.69,Bypassable ✅
747,0.0,1.0,268.0,0.0,5.0,0.9,Bypassable ✅
8653,1.0,0.0,79.0,0.0,5.0,0.79,Further Inspection ⚠️
291,0.0,1.0,244.0,0.0,5.0,0.9,Bypassable ✅
3206,0.0,1.0,64.0,0.0,5.0,0.9,Bypassable ✅
7474,1.0,1.0,259.0,0.0,5.0,1.69,Bypassable ✅
3254,0.0,1.0,38.0,0.0,5.0,0.9,Bypassable ✅
9334,1.0,1.0,41.0,0.0,5.0,1.69,Bypassable ✅
5840,0.0,1.0,38.0,0.0,5.0,0.9,Bypassable ✅
457,0.0,1.0,252.0,0.0,5.0,0.9,Bypassable ✅
5641,1.0,1.0,314.0,0.0,5.0,1.69,Bypassable ✅
5227,1.0,0.0,50.0,0.0,5.0,0.79,Further Inspection ⚠️
5006,1.0,1.0,799.0,0.0,5.0,1.69,Bypassable ✅
9044,1.0,0.0,8.0,0.0,5.0,0.79,Further Inspection ⚠️
7420,1.0,0.0,114.0,0.0,5.0,0.79,Further Inspection ⚠️
31,0.0,1.0,71.0,0.0,5.0,0.9,Bypassable ✅
1608,0.0,1.0,67.0,0.0,5.0,0.9,Bypassable ✅
9145,1.0,1.0,75.0,0.0,5.0,1.69,Bypassable ✅
7237,1.0,0.0,46.0,0.0,5.0,0.79,Further Inspection ⚠️
8188,1.0,1.0,327.0,0.0,5.0,1.69,Bypassable ✅
10398,1.0,1.0,73.0,0.0,5.0,1.69,Bypassable ✅
4604,1.0,1.0,94.0,0.0,5.0,1.69,Bypassable ✅
4094,0.0,1.0,238.0,0.0,5.0,0.9,Bypassable ✅
1486,0.0,1.0,267.0,0.0,5.0,0.9,Bypassable ✅
2348,0.0,1.0,275.0,0.0,5.0,0.9,Bypassable ✅
10568,1.0,0.0,69.0,0.0,5.0,0.79,Further Inspection ⚠️
7613,1.0,1.0,122.0,0.0,5.0,1.69,Bypassable ✅
9570,1.0,1.0,71.0,0.0,5.0,1.69,Bypassable ✅
8386,1.0,0.0,32.0,0.0,5.0,0.79,Further Inspection ⚠️
6658,1.0,1.0,147.0,0.0,5.0,1.69,Bypassable ✅
9819,1.0,1.0,41.0,0.0,5.0,1.69,Bypassable ✅
5983,0.0,1.0,37.0,0.0,5.0,0.9,Bypassable ✅
3061,0.0,1.0,71.0,0.0,5.0,0.9,Bypassable ✅
8689,1.0,0.0,6.0,0.0,5.0,0.79,Further Inspection ⚠️
10122,1.0,1.0,66.0,0.0,5.0,1.69,Bypassable ✅
373,0.0,1.0,246.0,0.0,5.0,0.9,Bypassable ✅
5942,0.0,0.0,59.0,0.0,5.0,0.0,Blocked ❌
5532,1.0,1.0,112.0,0.0,5.0,1.69,Bypassable ✅
4226,0.0,1.0,64.0,0.0,5.0,0.9,Bypassable ✅
6535,1.0,1.0,334.0,0.0,5.0,1.69,Bypassable ✅
2109,0.0,1.0,249.0,0.0,5.0,0.9,Bypassable ✅
10132,1.0,0.0,14.0,0.0,5.0,0.79,Further Inspection ⚠️
883,0.0,1.0,237.0,0.0,5.0,0.9,Bypassable ✅
169,0.0,1.0,230.0,0.0,5.0,0.9,Bypassable ✅
8279,1.0,1.0,43.0,0.0,5.0,1.69,Bypassable ✅
10559,1.0,1.0,70.0,0.0,5.0,1.69,Bypassable ✅
3011,0.0,1.0,259.0,0.0,5.0,0.9,Bypassable ✅
9081,1.0,0.0,7.0,0.0,5.0,0.79,Further Inspection ⚠️
3396,0.0,1.0,62.0,0.0,5.0,0.9,Bypassable ✅
6536,1.0,1.0,112.0,0.0,5.0,1.69,Bypassable ✅
6817,1.0,0.0,46.0,0.0,5.0,0.79,Further Inspection ⚠️
10205,1.0,1.0,41.0,0.0,5.0,1.69,Bypassable ✅
5129,1.0,0.0,25.0,0.0,5.0,0.79,Further Inspection ⚠️
7728,1.0,0.0,33.0,0.0,5.0,0.79,Further Inspection ⚠️
1786,0.0,1.0,259.0,0.0,5.0,0.9,Bypassable ✅
4734,1.0,0.0,64.0,0.0,5.0,0.79,Further Inspection ⚠️
5221,1.0,0.0,79.0,0.0,5.0,0.79,Further Inspection ⚠️
1954,0.0,1.0,67.0,0.0,5.0,0.9,Bypassable ✅
7433,1.0,1.0,119.0,0.0,5.0,1.69,Bypassable ✅
5850,0.0,1.0,37.0,0.0,5.0,0.9,Bypassable ✅
9182,1.0,1.0,57.0,0.0,5.0,1.69,Bypassable ✅
315,0.0,1.0,243.0,0.0,5.0,0.9,Bypassable ✅
958,0.0,0.0,61.0,0.0,5.0,0.0,Blocked ❌
1142,0.0,1.0,62.0,0.0,5.0,0.9,Bypassable ✅
4215,0.0,1.0,60.0,0.0,5.0,0.9,Bypassable ✅
5180,1.0,1.0,226.0,0.0,5.0,1.69,Bypassable ✅
8349,1.0,0.0,253.0,0.0,5.0,0.79,Further Inspection ⚠️
2271,0.0,1.0,38.0,0.0,5.0,0.9,Bypassable ✅
4412,1.0,0.0,103.0,0.0,5.0,0.79,Further Inspection ⚠️
895,0.0,1.0,67.0,0.0,5.0,0.9,Bypassable ✅
2464,0.0,1.0,74.0,0.0,5.0,0.9,Bypassable ✅
2478,0.0,1.0,242.0,0.0,5.0,0.9,Bypassable ✅
9158,1.0,1.0,67.0,0.0,5.0,1.69,Bypassable ✅
3692,0.0,1.0,74.0,0.0,5.0,0.9,Bypassable ✅
8988,1.0,1.0,70.0,0.0,5.0,1.69,Bypassable ✅
795,0.0,1.0,275.0,0.0,5.0,0.9,Bypassable ✅
3595,0.0,0.0,64.0,0.0,5.0,0.0,Blocked ❌
4397,1.0,0.0,313.0,0.0,5.0,0.79,Further Inspection ⚠️
47,0.0,1.0,301.0,0.0,5.0,0.9,Bypassable ✅
4254,0.0,1.0,245.0,0.0,5.0,0.9,Bypassable ✅
1010,0.0,1.0,60.0,0.0,5.0,0.9,Bypassable ✅
3204,0.0,1.0,263.0,0.0,5.0,0.9,Bypassable ✅
4442,1.0,1.0,308.0,0.0,5.0,1.69,Bypassable ✅
1891,0.0,1.0,71.0,0.0,5.0,0.9,Bypassable ✅
5359,1.0,1.0,336.0,0.0,5.0,1.69,Bypassable ✅
8530,1.0,1.0,230.0,0.0,5.0,1.69,Bypassable ✅
5076,1.0,1.0,819.0,0.0,5.0,1.69,Bypassable ✅
2554,0.0,1.0,73.0,0.0,5.0,0.9,Bypassable ✅
7820,1.0,0.0,44.0,0.0,5.0,0.79,Further Inspection ⚠️
6712,1.0,1.0,276.0,0.0,5.0,1.69,Bypassable ✅
9189,1.0,1.0,36.0,0.0,5.0,1.69,Bypassable ✅
2625,0.0,1.0,62.0,0.0,5.0,0.9,Bypassable ✅
2484,0.0,1.0,59.0,0.0,5.0,0.9,Bypassable ✅
4459,1.0,0.0,149.0,0.0,5.0,0.79,Further Inspection ⚠️
5905,0.0,1.0,38.0,0.0,5.0,0.9,Bypassable ✅
8890,1.0,0.0,75.0,0.0,5.0,0.79,Further Inspection ⚠️
713,0.0,1.0,263.0,0.0,5.0,0.9,Bypassable ✅
10321,1.0,1.0,75.0,0.0,5.0,1.69,Bypassable ✅
5181,1.0,1.0,225.0,0.0,5.0,1.69,Bypassable ✅
10049,1.0,1.0,56.0,0.0,5.0,1.69,Bypassable ✅
2357,0.0,1.0,248.0,0.0,5.0,0.9,Bypassable ✅
6325,1.0,0.0,129.0,0.0,5.0,0.79,Further Inspection ⚠️
850,0.0,0.0,0.0,0.0,4.0,0.0,Blocked ❌
7929,1.0,1.0,118.0,0.0,5.0,1.69,Bypassable ✅
7619,1.0,1.0,44.0,0.0,5.0,1.69,Bypassable ✅
9011,1.0,1.0,76.0,0.0,5.0,1.69,Bypassable ✅
2629,0.0,1.0,59.0,0.0,5.0,0.9,Bypassable ✅
3780,0.0,1.0,38.0,0.0,5.0,0.9,Bypassable ✅
2495,0.0,1.0,38.0,0.0,5.0,0.9,Bypassable ✅
3053,0.0,1.0,250.0,0.0,5.0,0.9,Bypassable ✅
5636,1.0,0.0,130.0,0.0,5.0,0.79,Further Inspection ⚠️
8745,1.0,1.0,144.0,0.0,5.0,1.69,Bypassable ✅
3937,0.0,1.0,253.0,0.0,5.0,0.9,Bypassable ✅
9048,1.0,1.0,70.0,0.0,5.0,1.69,Bypassable ✅
9518,1.0,1.0,41.0,0.0,5.0,1.69,Bypassable ✅
1758,0.0,1.0,249.0,0.0,5.0,0.9,Bypassable ✅
8563,1.0,1.0,58.0,0.0,5.0,1.69,Bypassable ✅
532,0.0,1.0,255.0,0.0,5.0,0.9,Bypassable ✅
6182,1.0,1.0,87.0,0.0,5.0,1.69,Bypassable ✅
4074,0.0,1.0,240.0,0.0,5.0,0.9,Bypassable ✅
1833,0.0,1.0,266.0,0.0,5.0,0.9,Bypassable ✅
10575,1.0,1.0,74.0,0.0,5.0,1.69,Bypassable ✅
3995,0.0,1.0,56.0,0.0,5.0,0.9,Bypassable ✅
7628,1.0,1.0,291.0,0.0,5.0,1.69,Bypassable ✅
7912,1.0,1.0,231.0,0.0,5.0,1.69,Bypassable ✅
2848,0.0,1.0,71.0,0.0,5.0,0.9,Bypassable ✅
1113,0.0,1.0,38.0,0.0,5.0,0.9,Bypassable ✅
8594,1.0,1.0,135.0,0.0,5.0,1.69,Bypassable ✅
3353,0.0,1.0,68.0,0.0,5.0,0.9,Bypassable ✅
7923,1.0,0.0,44.0,0.0,5.0,0.79,Further Inspection ⚠️
8068,1.0,0.0,314.0,0.0,5.0,0.79,Further Inspection ⚠️
3941,0.0,1.0,243.0,0.0,5.0,0.9,Bypassable ✅
1562,0.0,1.0,59.0,0.0,5.0,0.9,Bypassable ✅
4518,1.0,1.0,55.0,0.0,5.0,1.69,Bypassable ✅
4115,0.0,1.0,261.0,0.0,5.0,0.9,Bypassable ✅
6503,1.0,0.0,159.0,0.0,5.0,0.79,Further Inspection ⚠️
3685,0.0,1.0,38.0,0.0,5.0,0.9,Bypassable ✅
10179,1.0,1.0,66.0,0.0,5.0,1.69,Bypassable ✅
4574,1.0,1.0,337.0,0.0,5.0,1.69,Bypassable ✅
733,0.0,1.0,267.0,0.0,5.0,0.9,Bypassable ✅
7359,1.0,0.0,352.0,0.0,5.0,0.79,Further Inspection ⚠️
10515,1.0,1.0,66.0,0.0,5.0,1.69,Bypassable ✅
6452,1.0,1.0,104.0,0.0,5.0,1.69,Bypassable ✅
6576,1.0,1.0,97.0,0.0,5.0,1.69,Bypassable ✅
8857,1.0,0.0,43.0,0.0,5.0,0.79,Further Inspection ⚠️
710,0.0,1.0,267.0,0.0,5.0,0.9,Bypassable ✅
10489,1.0,1.0,65.0,0.0,5.0,1.69,Bypassable ✅
3464,0.0,0.0,258.0,0.0,5.0,0.0,Blocked ❌
4448,1.0,0.0,329.0,0.0,5.0,0.79,Further Inspection ⚠️
216,0.0,1.0,238.0,0.0,5.0,0.9,Bypassable ✅
8708,1.0,1.0,46.0,0.0,5.0,1.69,Bypassable ✅
8296,1.0,0.0,12.0,0.0,5.0,0.79,Further Inspection ⚠️
6273,1.0,1.0,77.0,0.0,5.0,1.69,Bypassable ✅
1433,0.0,1.0,38.0,0.0,5.0,0.9,Bypassable ✅
8381,1.0,1.0,251.0,0.0,5.0,1.69,Bypassable ✅
542,0.0,1.0,256.0,0.0,5.0,0.9,Bypassable ✅
3541,0.0,1.0,246.0,0.0,5.0,0.9,Bypassable ✅
5452,1.0,1.0,276.0,0.0,5.0,1.69,Bypassable ✅
8764,1.0,0.0,33.0,0.0,5.0,0.79,Further Inspection ⚠️
7708,1.0,1.0,291.0,0.0,5.0,1.69,Bypassable ✅
1785,0.0,1.0,250.0,0.0,5.0,0.9,Bypassable ✅
3101,0.0,1.0,38.0,0.0,5.0,0.9,Bypassable ✅
6762,1.0,0.0,45.0,0.0,5.0,0.79,Further Inspection ⚠️
9573,1.0,1.0,258.0,0.0,5.0,1.69,Bypassable ✅
3460,0.0,1.0,264.0,0.0,5.0,0.9,Bypassable ✅
4046,0.0,1.0,64.0,0.0,5.0,0.9,Bypassable ✅
624,0.0,1.0,257.0,0.0,5.0,0.9,Bypassable ✅
7932,1.0,1.0,44.0,0.0,5.0,1.69,Bypassable ✅
9148,1.0,1.0,41.0,0.0,5.0,1.69,Bypassable ✅
1870,0.0,0.0,236.0,0.0,5.0,0.0,Blocked ❌
5294,1.0,1.0,416.0,0.0,5.0,1.69,Bypassable ✅
8641,1.0,1.0,44.0,0.0,5.0,1.69,Bypassable ✅
6842,1.0,0.0,46.0,0.0,5.0,0.79,Further Inspection ⚠️
5405,1.0,1.0,78.0,0.0,5.0,1.69,Bypassable ✅
1662,0.0,1.0,61.0,0.0,5.0,0.9,Bypassable ✅
3834,0.0,1.0,256.0,0.0,5.0,0.9,Bypassable ✅
932,0.0,1.0,59.0,0.0,5.0,0.9,Bypassable ✅
621,0.0,0.0,257.0,0.0,5.0,0.0,Blocked ❌
960,0.0,1.0,253.0,0.0,5.0,0.9,Bypassable ✅
7467,1.0,0.0,59.0,0.0,5.0,0.79,Further Inspection ⚠️
2732,0.0,0.0,37.0,0.0,5.0,0.0,Blocked ❌
9124,1.0,0.0,77.0,0.0,5.0,0.79,Further Inspection ⚠️
3857,0.0,1.0,253.0,0.0,5.0,0.9,Bypassable ✅
4441,1.0,0.0,333.0,0.0,5.0,0.79,Further Inspection ⚠️
4273,0.0,1.0,259.0,0.0,5.0,0.9,Bypassable ✅
7435,1.0,1.0,245.0,0.0,5.0,1.69,Bypassable ✅
3145,0.0,1.0,246.0,0.0,5.0,0.9,Bypassable ✅
9782,1.0,1.0,41.0,0.0,5.0,1.69,Bypassable ✅
1297,0.0,1.0,63.0,0.0,5.0,0.9,Bypassable ✅
3887,0.0,1.0,248.0,0.0,5.0,0.9,Bypassable ✅
9779,1.0,1.0,70.0,0.0,5.0,1.69,Bypassable ✅
295,0.0,1.0,246.0,0.0,5.0,0.9,Bypassable ✅
4415,1.0,0.0,127.0,0.0,5.0,0.79,Further Inspection ⚠️
5638,1.0,0.0,88.0,0.0,5.0,0.79,Further Inspection ⚠️
7685,1.0,1.0,248.0,0.0,5.0,1.69,Bypassable ✅
4028,0.0,1.0,243.0,0.0,5.0,0.9,Bypassable ✅
7888,1.0,1.0,115.0,0.0,5.0,1.69,Bypassable ✅
1160,0.0,1.0,67.0,0.0,5.0,0.9,Bypassable ✅
761,0.0,0.0,273.0,0.0,5.0,0.0,Blocked ❌
7188,1.0,0.0,46.0,0.0,5.0,0.79,Further Inspection ⚠️
286,0.0,1.0,248.0,0.0,5.0,0.9,Bypassable ✅
9596,1.0,1.0,63.0,0.0,5.0,1.69,Bypassable ✅
8748,1.0,1.0,325.0,0.0,5.0,1.69,Bypassable ✅
2588,0.0,1.0,246.0,0.0,5.0,0.9,Bypassable ✅
9751,1.0,1.0,65.0,0.0,5.0,1.69,Bypassable ✅
8248,1.0,0.0,306.0,0.0,5.0,0.79,Further Inspection ⚠️
10313,1.0,1.0,41.0,0.0,5.0,1.69,Bypassable ✅
5461,1.0,1.0,308.0,0.0,5.0,1.69,Bypassable ✅
3724,0.0,1.0,38.0,0.0,5.0,0.9,Bypassable ✅
333,0.0,1.0,250.0,0.0,5.0,0.9,Bypassable ✅
3000,0.0,1.0,259.0,0.0,5.0,0.9,Bypassable ✅
5909,0.0,1.0,58.0,0.0,5.0,0.9,Bypassable ✅
5312,1.0,0.0,99.0,0.0,5.0,0.79,Further Inspection ⚠️
5262,1.0,1.0,130.0,0.0,5.0,1.69,Bypassable ✅
9392,1.0,1.0,41.0,0.0,5.0,1.69,Bypassable ✅
6030,0.0,0.0,58.0,0.0,5.0,0.0,Blocked ❌
549,0.0,1.0,256.0,0.0,5.0,0.9,Bypassable ✅
1634,0.0,1.0,68.0,0.0,5.0,0.9,Bypassable ✅
5861,0.0,1.0,38.0,0.0,5.0,0.9,Bypassable ✅
1981,0.0,1.0,252.0,0.0,5.0,0.9,Bypassable ✅
676,0.0,1.0,264.0,0.0,5.0,0.9,Bypassable ✅
10634,1.0,0.0,41.0,0.0,5.0,0.79,Further Inspection ⚠️
7261,1.0,1.0,43.0,0.0,5.0,1.69,Bypassable ✅
5440,1.0,1.0,82.0,0.0,5.0,1.69,Bypassable ✅
6027,0.0,1.0,250.0,0.0,5.0,0.9,Bypassable ✅
10165,1.0,1.0,41.0,0.0,5.0,1.69,Bypassable ✅
3071,0.0,1.0,38.0,0.0,5.0,0.9,Bypassable ✅
8416,1.0,1.0,87.0,0.0,5.0,1.69,Bypassable ✅
3399,0.0,1.0,249.0,0.0,5.0,0.9,Bypassable ✅
10631,1.0,1.0,239.0,0.0,5.0,1.69,Bypassable ✅
10304,1.0,1.0,70.0,0.0,5.0,1.69,Bypassable ✅
9220,1.0,1.0,236.0,0.0,5.0,1.69,Bypassable ✅
5501,1.0,1.0,127.0,0.0,5.0,1.69,Bypassable ✅
10136,1.0,1.0,64.0,0.0,5.0,1.69,Bypassable ✅
9655,1.0,1.0,250.0,0.0,5.0,1.69,Bypassable ✅
7344,1.0,0.0,14.0,0.0,5.0,0.79,Further Inspection ⚠️
4353,1.0,1.0,335.0,0.0,5.0,1.69,Bypassable ✅
88,0.0,1.0,253.0,0.0,5.0,0.9,Bypassable ✅
5640,1.0,0.0,119.0,0.0,5.0,0.79,Further Inspection ⚠️
4950,1.0,0.0,24.0,0.0,5.0,0.79,Further Inspection ⚠️
1883,0.0,1.0,263.0,0.0,5.0,0.9,Bypassable ✅
408,0.0,1.0,245.0,0.0,5.0,0.9,Bypassable ✅
4122,0.0,1.0,61.0,0.0,5.0,0.9,Bypassable ✅
7998,1.0,1.0,257.0,0.0,5.0,1.69,Bypassable ✅
5849,0.0,1.0,60.0,0.0,5.0,0.9,Bypassable ✅
2252,0.0,1.0,59.0,0.0,5.0,0.9,Bypassable ✅
3794,0.0,1.0,250.0,0.0,5.0,0.9,Bypassable ✅
6167,0.0,1.0,75.0,0.0,5.0,0.9,Bypassable ✅
1923,0.0,1.0,62.0,0.0,5.0,0.9,Bypassable ✅
10024,1.0,1.0,76.0,0.0,5.0,1.69,Bypassable ✅
4110,0.0,1.0,38.0,0.0,5.0,0.9,Bypassable ✅
3079,0.0,1.0,246.0,0.0,5.0,0.9,Bypassable ✅
10600,1.0,1.0,240.0,0.0,5.0,1.69,Bypassable ✅
3095,0.0,1.0,68.0,0.0,5.0,0.9,Bypassable ✅
3286,0.0,1.0,63.0,0.0,5.0,0.9,Bypassable ✅
3501,0.0,1.0,273.0,0.0,5.0,0.9,Bypassable ✅
4682,1.0,1.0,324.0,0.0,5.0,1.69,Bypassable ✅
3813,0.0,1.0,256.0,0.0,5.0,0.9,Bypassable ✅
8553,1.0,0.0,42.0,0.0,5.0,0.79,Further Inspection ⚠️
210,0.0,1.0,238.0,0.0,5.0,0.9,Bypassable ✅
8432,1.0,1.0,43.0,0.0,5.0,1.69,Bypassable ✅
3566,0.0,1.0,75.0,0.0,5.0,0.9,Bypassable ✅
2018,0.0,0.0,262.0,0.0,5.0,0.0,Blocked ❌
10533,1.0,1.0,41.0,0.0,5.0,1.69,Bypassable ✅
10080,1.0,1.0,41.0,0.0,5.0,1.69,Bypassable ✅
9321,1.0,1.0,67.0,0.0,5.0,1.69,Bypassable ✅
7921,1.0,1.0,44.0,0.0,5.0,1.69,Bypassable ✅
4184,0.0,1.0,37.0,0.0,5.0,0.9,Bypassable ✅
6123,0.0,1.0,38.0,0.0,5.0,0.9,Bypassable ✅
9054,1.0,0.0,70.0,0.0,5.0,0.79,Further Inspection ⚠️
6189,1.0,0.0,123.0,0.0,5.0,0.79,Further Inspection ⚠️
6518,1.0,1.0,297.0,0.0,5.0,1.69,Bypassable ✅
2935,0.0,1.0,64.0,0.0,5.0,0.9,Bypassable ✅
1713,0.0,1.0,38.0,0.0,5.0,0.9,Bypassable ✅
7515,1.0,0.0,133.0,0.0,5.0,0.79,Further Inspection ⚠️
6774,1.0,1.0,52.0,0.0,5.0,1.69,Bypassable ✅
6114,0.0,1.0,60.0,0.0,5.0,0.9,Bypassable ✅
7034,1.0,0.0,46.0,0.0,5.0,0.79,Further Inspection ⚠️
1157,0.0,1.0,67.0,0.0,5.0,0.9,Bypassable ✅
2963,0.0,1.0,242.0,0.0,5.0,0.9,Bypassable ✅
8457,1.0,0.0,303.0,0.0,5.0,0.79,Further Inspection ⚠️
1983,0.0,0.0,60.0,0.0,5.0,0.0,Blocked ❌
10299,1.0,1.0,244.0,0.0,5.0,1.69,Bypassable ✅
8108,1.0,0.0,245.0,0.0,5.0,0.79,Further Inspection ⚠️
6699,1.0,1.0,314.0,0.0,5.0,1.69,Bypassable ✅
10374,1.0,1.0,269.0,0.0,5.0,1.69,Bypassable ✅
3231,0.0,0.0,64.0,0.0,5.0,0.0,Blocked ❌
2377,0.0,1.0,75.0,0.0,5.0,0.9,Bypassable ✅
6074,0.0,1.0,276.0,0.0,5.0,0.9,Bypassable ✅
4695,1.0,1.0,294.0,0.0,5.0,1.69,Bypassable ✅
2615,0.0,1.0,38.0,0.0,5.0,0.9,Bypassable ✅
9191,1.0,1.0,40.0,0.0,5.0,1.69,Bypassable ✅
106,0.0,1.0,263.0,0.0,5.0,0.9,Bypassable ✅
6369,1.0,0.0,110.0,0.0,5.0,0.79,Further Inspection ⚠️
5456,1.0,1.0,365.0,0.0,5.0,1.69,Bypassable ✅
590,0.0,1.0,263.0,0.0,5.0,0.9,Bypassable ✅
1479,0.0,1.0,74.0,0.0,5.0,0.9,Bypassable ✅
10474,1.0,1.0,50.0,0.0,5.0,1.69,Bypassable ✅
8573,1.0,1.0,44.0,0.0,5.0,1.69,Bypassable ✅
9313,1.0,1.0,244.0,0.0,5.0,1.69,Bypassable ✅
7505,1.0,0.0,34.0,0.0,5.0,0.79,Further Inspection ⚠️
7817,1.0,1.0,91.0,0.0,5.0,1.69,Bypassable ✅
1921,0.0,1.0,229.0,0.0,5.0,0.9,Bypassable ✅
3669,0.0,1.0,257.0,0.0,5.0,0.9,Bypassable ✅
2036,0.0,1.0,63.0,0.0,5.0,0.9,Bypassable ✅
9068,1.0,1.0,70.0,0.0,5.0,1.69,Bypassable ✅
6630,1.0,1.0,145.0,0.0,5.0,1.69,Bypassable ✅
2168,0.0,1.0,64.0,0.0,5.0,0.9,Bypassable ✅
5372,1.0,1.0,297.0,0.0,5.0,1.69,Bypassable ✅
3015,0.0,1.0,254.0,0.0,5.0,0.9,Bypassable ✅
9067,1.0,0.0,75.0,0.0,5.0,0.79,Further Inspection ⚠️
7417,1.0,1.0,63.0,0.0,5.0,1.69,Bypassable ✅
10222,1.0,1.0,254.0,0.0,5.0,1.69,Bypassable ✅
4052,0.0,1.0,67.0,0.0,5.0,0.9,Bypassable ✅
4084,0.0,1.0,63.0,0.0,5.0,0.9,Bypassable ✅
4477,1.0,1.0,135.0,0.0,5.0,1.69,Bypassable ✅
7919,1.0,0.0,87.0,0.0,5.0,0.79,Further Inspection ⚠️
4428,1.0,0.0,330.0,0.0,5.0,0.79,Further Inspection ⚠️
4447,1.0,0.0,135.0,0.0,5.0,0.79,Further Inspection ⚠️
6750,1.0,1.0,66.0,0.0,5.0,1.69,Bypassable ✅
4387,1.0,0.0,130.0,0.0,5.0,0.79,Further Inspection ⚠️
9346,1.0,1.0,55.0,0.0,5.0,1.69,Bypassable ✅
8449,1.0,1.0,249.0,0.0,5.0,1.69,Bypassable ✅
5727,1.0,1.0,316.0,0.0,5.0,1.69,Bypassable ✅
2055,0.0,1.0,259.0,0.0,5.0,0.9,Bypassable ✅
9790,1.0,1.0,65.0,0.0,5.0,1.69,Bypassable ✅
7025,1.0,0.0,57.0,0.0,5.0,0.79,Further Inspection ⚠️
5830,1.0,1.0,112.0,0.0,5.0,1.69,Bypassable ✅
3570,0.0,1.0,63.0,0.0,5.0,0.9,Bypassable ✅
5869,0.0,1.0,73.0,0.0,5.0,0.9,Bypassable ✅
4828,1.0,1.0,295.0,0.0,5.0,1.69,Bypassable ✅
2876,0.0,1.0,228.0,0.0,5.0,0.9,Bypassable ✅
6921,1.0,1.0,45.0,0.0,5.0,1.69,Bypassable ✅
5171,1.0,0.0,104.0,0.0,5.0,0.79,Further Inspection ⚠️
8863,1.0,0.0,77.0,0.0,5.0,0.79,Further Inspection ⚠️
1780,0.0,1.0,38.0,0.0,5.0,0.9,Bypassable ✅
29,0.0,1.0,70.0,0.0,5.0,0.9,Bypassable ✅
8256,1.0,1.0,100.0,0.0,5.0,1.69,Bypassable ✅
5667,1.0,0.0,110.0,0.0,5.0,0.79,Further Inspection ⚠️
5953,0.0,1.0,67.0,0.0,5.0,0.9,Bypassable ✅
8911,1.0,1.0,77.0,0.0,5.0,1.69,Bypassable ✅
3894,0.0,1.0,38.0,0.0,5.0,0.9,Bypassable ✅
6103,0.0,1.0,38.0,0.0,5.0,0.9,Bypassable ✅
5964,0.0,1.0,65.0,0.0,5.0,0.9,Bypassable ✅
7120,1.0,0.0,64.0,0.0,5.0,0.79,Further Inspection ⚠️
568,0.0,1.0,257.0,0.0,5.0,0.9,Bypassable ✅
7524,1.0,0.0,99.0,0.0,5.0,0.79,Further Inspection ⚠️
10560,1.0,1.0,41.0,0.0,5.0,1.69,Bypassable ✅
9755,1.0,1.0,42.0,0.0,5.0,1.69,Bypassable ✅
1472,0.0,1.0,62.0,0.0,5.0,0.9,Bypassable ✅
2412,0.0,0.0,255.0,0.0,5.0,0.0,Blocked ❌
217,0.0,1.0,235.0,0.0,5.0,0.9,Bypassable ✅
10198,1.0,1.0,41.0,0.0,5.0,1.69,Bypassable ✅
4335,0.0,0.0,17.0,0.0,5.0,0.0,Blocked ❌
8696,1.0,0.0,114.0,0.0,5.0,0.79,Further Inspection ⚠️
6641,1.0,1.0,137.0,0.0,5.0,1.69,Bypassable ✅
7405,1.0,0.0,26.0,0.0,5.0,0.79,Further Inspection ⚠️
7201,1.0,0.0,46.0,0.0,5.0,0.79,Further Inspection ⚠️
4602,1.0,1.0,140.0,0.0,5.0,1.69,Bypassable ✅
108,0.0,1.0,260.0,0.0,5.0,0.9,Bypassable ✅
8952,1.0,0.0,78.0,0.0,5.0,0.79,Further Inspection ⚠️
8092,1.0,0.0,335.0,0.0,5.0,0.79,Further Inspection ⚠️
10414,1.0,1.0,41.0,0.0,5.0,1.69,Bypassable ✅
1498,0.0,0.0,37.0,0.0,5.0,0.0,Blocked ❌
3132,0.0,1.0,38.0,0.0,5.0,0.9,Bypassable ✅
10577,1.0,1.0,41.0,0.0,5.0,1.69,Bypassable ✅
4850,1.0,0.0,55.0,0.0,5.0,0.79,Further Inspection ⚠️
6496,1.0,1.0,84.0,0.0,5.0,1.69,Bypassable ✅
8514,1.0,1.0,88.0,0.0,5.0,1.69,Bypassable ✅
7481,1.0,1.0,317.0,0.0,5.0,1.69,Bypassable ✅
3006,0.0,1.0,66.0,0.0,5.0,0.9,Bypassable ✅
4981,1.0,0.0,92.0,0.0,5.0,0.79,Further Inspection ⚠️
4275,0.0,1.0,63.0,0.0,5.0,0.9,Bypassable ✅
2360,0.0,1.0,58.0,0.0,5.0,0.9,Bypassable ✅
4417,1.0,0.0,304.0,0.0,5.0,0.79,Further Inspection ⚠️
1718,0.0,1.0,58.0,0.0,5.0,0.9,Bypassable ✅
7453,1.0,1.0,135.0,0.0,5.0,1.69,Bypassable ✅
6664,1.0,1.0,304.0,0.0,5.0,1.69,Bypassable ✅
1393,0.0,1.0,62.0,0.0,5.0,0.9,Bypassable ✅
10529,1.0,1.0,26.0,0.0,5.0,1.69,Bypassable ✅
8343,1.0,1.0,143.0,0.0,5.0,1.69,Bypassable ✅
576,0.0,1.0,256.0,0.0,5.0,0.9,Bypassable ✅
8221,1.0,1.0,60.0,0.0,5.0,1.69,Bypassable ✅
2927,0.0,1.0,38.0,0.0,5.0,0.9,Bypassable ✅
2138,0.0,1.0,38.0,0.0,5.0,0.9,Bypassable ✅
9946,1.0,1.0,41.0,0.0,5.0,1.69,Bypassable ✅
7070,1.0,1.0,46.0,0.0,5.0,1.69,Bypassable ✅
6678,1.0,1.0,126.0,0.0,5.0,1.69,Bypassable ✅
5273,1.0,0.0,130.0,0.0,5.0,0.79,Further Inspection ⚠️
3689,0.0,1.0,38.0,0.0,5.0,0.9,Bypassable ✅
5653,1.0,1.0,277.0,0.0,5.0,1.69,Bypassable ✅
2840,0.0,0.0,59.0,0.0,5.0,0.0,Blocked ❌
9618,1.0,1.0,61.0,0.0,5.0,1.69,Bypassable ✅
3910,0.0,1.0,67.0,0.0,5.0,0.9,Bypassable ✅
718,0.0,1.0,267.0,0.0,5.0,0.9,Bypassable ✅
9650,1.0,0.0,41.0,0.0,5.0,0.79,Further Inspection ⚠️
736,0.0,1.0,275.0,0.0,5.0,0.9,Bypassable ✅
735,0.0,1.0,269.0,0.0,5.0,0.9,Bypassable ✅
8622,1.0,1.0,250.0,0.0,5.0,1.69,Bypassable ✅
8177,1.0,1.0,333.0,0.0,5.0,1.69,Bypassable ✅
8455,1.0,0.0,6.0,0.0,5.0,0.79,Further Inspection ⚠️
92,0.0,1.0,254.0,0.0,5.0,0.9,Bypassable ✅
10434,1.0,1.0,41.0,0.0,5.0,1.69,Bypassable ✅
7654,1.0,1.0,259.0,0.0,5.0,1.69,Bypassable ✅
1536,0.0,1.0,63.0,0.0,5.0,0.9,Bypassable ✅
5719,1.0,0.0,322.0,0.0,5.0,0.79,Further Inspection ⚠️
7571,1.0,1.0,44.0,0.0,5.0,1.69,Bypassable ✅
496,0.0,1.0,249.0,0.0,5.0,0.9,Bypassable ✅
9174,1.0,1.0,41.0,0.0,5.0,1.69,Bypassable ✅
3290,0.0,1.0,60.0,0.0,5.0,0.9,Bypassable ✅
7361,1.0,0.0,8.0,0.0,5.0,0.79,Further Inspection ⚠️
1731,0.0,1.0,38.0,0.0,5.0,0.9,Bypassable ✅
9832,1.0,1.0,65.0,0.0,5.0,1.69,Bypassable ✅
6926,1.0,0.0,46.0,0.0,5.0,0.79,Further Inspection ⚠️
4303,0.0,1.0,239.0,0.0,5.0,0.9,Bypassable ✅
4461,1.0,1.0,134.0,0.0,5.0,1.69,Bypassable ✅
6719,1.0,0.0,106.0,0.0,5.0,0.79,Further Inspection ⚠️
3658,0.0,1.0,243.0,0.0,5.0,0.9,Bypassable ✅
3898,0.0,1.0,72.0,0.0,5.0,0.9,Bypassable ✅
4280,0.0,1.0,259.0,0.0,5.0,0.9,Bypassable ✅
1650,0.0,1.0,38.0,0.0,5.0,0.9,Bypassable ✅
4716,1.0,0.0,114.0,0.0,5.0,0.79,Further Inspection ⚠️
4601,1.0,0.0,280.0,0.0,5.0,0.79,Further Inspection ⚠️
8081,1.0,1.0,33.0,0.0,5.0,1.69,Bypassable ✅
9432,1.0,1.0,249.0,0.0,5.0,1.69,Bypassable ✅
388,0.0,1.0,244.0,0.0,5.0,0.9,Bypassable ✅
836,0.0,0.0,0.0,0.0,5.0,0.0,Blocked ❌
7631,1.0,1.0,118.0,0.0,5.0,1.69,Bypassable ✅
2684,0.0,1.0,62.0,0.0,5.0,0.9,Bypassable ✅
10120,1.0,1.0,275.0,0.0,5.0,1.69,Bypassable ✅
7859,1.0,0.0,314.0,0.0,5.0,0.79,Further Inspection ⚠️
2344,0.0,1.0,61.0,0.0,5.0,0.9,Bypassable ✅
4740,1.0,1.0,293.0,0.0,5.0,1.69,Bypassable ✅
3080,0.0,1.0,277.0,0.0,5.0,0.9,Bypassable ✅
4339,0.0,1.0,231.0,0.0,5.0,0.9,Bypassable ✅
3784,0.0,1.0,38.0,0.0,5.0,0.9,Bypassable ✅
1851,0.0,1.0,253.0,0.0,5.0,0.9,Bypassable ✅
9698,1.0,1.0,74.0,0.0,5.0,1.69,Bypassable ✅
2312,0.0,1.0,71.0,0.0,5.0,0.9,Bypassable ✅
7535,1.0,1.0,294.0,0.0,5.0,1.69,Bypassable ✅
8565,1.0,0.0,44.0,0.0,5.0,0.79,Further Inspection ⚠️
2894,0.0,1.0,240.0,0.0,5.0,0.9,Bypassable ✅
5199,1.0,1.0,266.0,0.0,5.0,1.69,Bypassable ✅
3928,0.0,0.0,60.0,0.0,5.0,0.0,Blocked ❌
416,0.0,1.0,249.0,0.0,5.0,0.9,Bypassable ✅
9857,1.0,1.0,64.0,0.0,5.0,1.69,Bypassable ✅
1383,0.0,1.0,67.0,0.0,5.0,0.9,Bypassable ✅
3025,0.0,1.0,62.0,0.0,5.0,0.9,Bypassable ✅
6651,1.0,0.0,124.0,0.0,5.0,0.79,Further Inspection ⚠️
3379,0.0,1.0,257.0,0.0,5.0,0.9,Bypassable ✅
7807,1.0,1.0,160.0,0.0,5.0,1.69,Bypassable ✅
8690,1.0,1.0,259.0,0.0,5.0,1.69,Bypassable ✅
10269,1.0,1.0,41.0,0.0,5.0,1.69,Bypassable ✅
8,0.0,1.0,61.0,0.0,5.0,0.9,Bypassable ✅
4582,1.0,1.0,313.0,0.0,5.0,1.69,Bypassable ✅
1194,0.0,1.0,71.0,0.0,5.0,0.9,Bypassable ✅
6867,1.0,0.0,46.0,0.0,5.0,0.79,Further Inspection ⚠️
2069,0.0,1.0,62.0,0.0,5.0,0.9,Bypassable ✅
7406,1.0,1.0,159.0,0.0,5.0,1.69,Bypassable ✅
1744,0.0,1.0,59.0,0.0,5.0,0.9,Bypassable ✅
8088,1.0,1.0,292.0,0.0,5.0,1.69,Bypassable ✅
4302,0.0,1.0,59.0,0.0,5.0,0.9,Bypassable ✅
2595,0.0,1.0,259.0,0.0,5.0,0.9,Bypassable ✅
2534,0.0,1.0,61.0,0.0,5.0,0.9,Bypassable ✅
1660,0.0,1.0,57.0,0.0,5.0,0.9,Bypassable ✅
4089,0.0,1.0,65.0,0.0,5.0,0.9,Bypassable ✅
4489,1.0,1.0,111.0,0.0,5.0,1.69,Bypassable ✅
7108,1.0,1.0,44.0,0.0,5.0,1.69,Bypassable ✅
3118,0.0,1.0,61.0,0.0,5.0,0.9,Bypassable ✅
6595,1.0,1.0,329.0,0.0,5.0,1.69,Bypassable ✅
3991,0.0,1.0,248.0,0.0,5.0,0.9,Bypassable ✅
5781,1.0,0.0,44.0,0.0,5.0,0.79,Further Inspection ⚠️
1703,0.0,1.0,62.0,0.0,5.0,0.9,Bypassable ✅
970,0.0,1.0,242.0,0.0,5.0,0.9,Bypassable ✅
794,0.0,1.0,279.0,0.0,5.0,0.9,Bypassable ✅
730,0.0,1.0,264.0,0.0,5.0,0.9,Bypassable ✅
6959,1.0,0.0,45.0,0.0,5.0,0.79,Further Inspection ⚠️
4625,1.0,1.0,85.0,0.0,5.0,1.69,Bypassable ✅
8805,1.0,1.0,298.0,0.0,5.0,1.69,Bypassable ✅
5692,1.0,1.0,312.0,0.0,5.0,1.69,Bypassable ✅
3181,0.0,1.0,251.0,0.0,5.0,0.9,Bypassable ✅
4693,1.0,1.0,141.0,0.0,5.0,1.69,Bypassable ✅
8794,1.0,1.0,322.0,0.0,5.0,1.69,Bypassable ✅
3989,0.0,1.0,38.0,0.0,5.0,0.9,Bypassable ✅
10617,1.0,1.0,67.0,0.0,5.0,1.69,Bypassable ✅
704,0.0,1.0,266.0,0.0,5.0,0.9,Bypassable ✅
3869,0.0,1.0,241.0,0.0,5.0,0.9,Bypassable ✅
245,0.0,1.0,237.0,0.0,5.0,0.9,Bypassable ✅
5400,1.0,1.0,106.0,0.0,5.0,1.69,Bypassable ✅
8447,1.0,1.0,297.0,0.0,5.0,1.69,Bypassable ✅
1078,0.0,1.0,252.0,0.0,5.0,0.9,Bypassable ✅
2127,0.0,1.0,71.0,0.0,5.0,0.9,Bypassable ✅
4537,1.0,1.0,76.0,0.0,5.0,1.69,Bypassable ✅
2167,0.0,1.0,75.0,0.0,5.0,0.9,Bypassable ✅
7200,1.0,0.0,70.0,0.0,5.0,0.79,Further Inspection ⚠️
7583,1.0,1.0,60.0,0.0,5.0,1.69,Bypassable ✅
2954,0.0,1.0,67.0,0.0,5.0,0.9,Bypassable ✅
6502,1.0,1.0,135.0,0.0,5.0,1.69,Bypassable ✅
1111,0.0,1.0,74.0,0.0,5.0,0.9,Bypassable ✅
9129,1.0,0.0,78.0,0.0,5.0,0.79,Further Inspection ⚠️
9870,1.0,1.0,74.0,0.0,5.0,1.69,Bypassable ✅
6277,1.0,1.0,141.0,0.0,5.0,1.69,Bypassable ✅
8403,1.0,1.0,44.0,0.0,5.0,1.69,Bypassable ✅
1671,0.0,1.0,64.0,0.0,5.0,0.9,Bypassable ✅
5419,1.0,0.0,283.0,0.0,5.0,0.79,Further Inspection ⚠️
63,0.0,1.0,245.0,0.0,5.0,0.9,Bypassable ✅
8303,1.0,1.0,43.0,0.0,5.0,1.69,Bypassable ✅
7105,1.0,0.0,79.0,0.0,5.0,0.79,Further Inspection ⚠️
6773,1.0,0.0,46.0,0.0,5.0,0.79,Further Inspection ⚠️
1597,0.0,1.0,57.0,0.0,5.0,0.9,Bypassable ✅
2960,0.0,1.0,74.0,0.0,5.0,0.9,Bypassable ✅
1330,0.0,1.0,74.0,0.0,5.0,0.9,Bypassable ✅
4813,1.0,1.0,98.0,0.0,5.0,1.69,Bypassable ✅
6067,0.0,1.0,60.0,0.0,5.0,0.9,Bypassable ✅
1002,0.0,1.0,75.0,0.0,5.0,0.9,Bypassable ✅
1195,0.0,1.0,57.0,0.0,5.0,0.9,Bypassable ✅
9459,1.0,1.0,68.0,0.0,5.0,1.69,Bypassable ✅
7475,1.0,0.0,116.0,0.0,5.0,0.79,Further Inspection ⚠️
5274,1.0,1.0,331.0,0.0,5.0,1.69,Bypassable ✅
1082,0.0,1.0,67.0,0.0,5.0,0.9,Bypassable ✅
1039,0.0,1.0,258.0,0.0,5.0,0.9,Bypassable ✅
8039,1.0,1.0,240.0,0.0,5.0,1.69,Bypassable ✅
1026,0.0,1.0,73.0,0.0,5.0,0.9,Bypassable ✅
263,0.0,1.0,242.0,0.0,5.0,0.9,Bypassable ✅
7223,1.0,0.0,46.0,0.0,5.0,0.79,Further Inspection ⚠️
10571,1.0,1.0,41.0,0.0,5.0,1.69,Bypassable ✅
10621,1.0,1.0,61.0,0.0,5.0,1.69,Bypassable ✅
655,0.0,1.0,260.0,0.0,5.0,0.9,Bypassable ✅
623,0.0,0.0,265.0,0.0,5.0,0.0,Blocked ❌
10554,1.0,1.0,71.0,0.0,5.0,1.69,Bypassable ✅
6717,1.0,1.0,112.0,0.0,5.0,1.69,Bypassable ✅
10214,1.0,1.0,62.0,0.0,5.0,1.69,Bypassable ✅
6221,1.0,0.0,50.0,0.0,5.0,0.79,Further Inspection ⚠️
4272,0.0,1.0,58.0,0.0,5.0,0.9,Bypassable ✅
1250,0.0,1.0,38.0,0.0,5.0,0.9,Bypassable ✅
7578,1.0,1.0,62.0,0.0,5.0,1.69,Bypassable ✅
4420,1.0,0.0,108.0,0.0,5.0,0.79,Further Inspection ⚠️
3782,0.0,1.0,68.0,0.0,5.0,0.9,Bypassable ✅
1107,0.0,1.0,243.0,0.0,5.0,0.9,Bypassable ✅
1432,0.0,1.0,59.0,0.0,5.0,0.9,Bypassable ✅
9604,1.0,1.0,61.0,0.0,5.0,1.69,Bypassable ✅
2522,0.0,1.0,37.0,0.0,5.0,0.9,Bypassable ✅
2009,0.0,1.0,72.0,0.0,5.0,0.9,Bypassable ✅
577,0.0,1.0,256.0,0.0,5.0,0.9,Bypassable ✅
7252,1.0,0.0,46.0,0.0,5.0,0.79,Further Inspection ⚠️
10481,1.0,1.0,40.0,0.0,5.0,1.69,Bypassable ✅
7822,1.0,0.0,43.0,0.0,5.0,0.79,Further Inspection ⚠️
1795,0.0,1.0,68.0,0.0,5.0,0.9,Bypassable ✅
6239,1.0,1.0,122.0,0.0,5.0,1.69,Bypassable ✅
9300,1.0,1.0,70.0,0.0,5.0,1.69,Bypassable ✅
10159,1.0,1.0,56.0,0.0,5.0,1.69,Bypassable ✅
1626,0.0,1.0,62.0,0.0,5.0,0.9,Bypassable ✅
6811,1.0,1.0,151.0,0.0,5.0,1.69,Bypassable ✅
9344,1.0,0.0,9.0,0.0,5.0,0.79,Further Inspection ⚠️
3069,0.0,1.0,75.0,0.0,5.0,0.9,Bypassable ✅
3349,0.0,1.0,247.0,0.0,5.0,0.9,Bypassable ✅
76,0.0,1.0,256.0,0.0,5.0,0.9,Bypassable ✅
3397,0.0,1.0,38.0,0.0,5.0,0.9,Bypassable ✅
4969,1.0,1.0,82.0,0.0,5.0,1.69,Bypassable ✅
4812,1.0,1.0,146.0,0.0,5.0,1.69,Bypassable ✅
9815,1.0,1.0,41.0,0.0,5.0,1.69,Bypassable ✅
8606,1.0,1.0,63.0,0.0,5.0,1.69,Bypassable ✅
3643,0.0,1.0,252.0,0.0,5.0,0.9,Bypassable ✅
6249,1.0,0.0,148.0,0.0,5.0,0.79,Further Inspection ⚠️
7724,1.0,1.0,66.0,0.0,5.0,1.69,Bypassable ✅
3889,0.0,1.0,67.0,0.0,5.0,0.9,Bypassable ✅
10385,1.0,0.0,66.0,0.0,5.0,0.79,Further Inspection ⚠️
7048,1.0,0.0,46.0,0.0,5.0,0.79,Further Inspection ⚠️
2221,0.0,1.0,74.0,0.0,5.0,0.9,Bypassable ✅
8014,1.0,1.0,286.0,0.0,5.0,1.69,Bypassable ✅
9022,1.0,0.0,75.0,0.0,5.0,0.79,Further Inspection ⚠️
4048,0.0,1.0,58.0,0.0,5.0,0.9,Bypassable ✅
683,0.0,0.0,265.0,0.0,5.0,0.0,Blocked ❌
3350,0.0,1.0,58.0,0.0,5.0,0.9,Bypassable ✅
647,0.0,1.0,260.0,0.0,5.0,0.9,Bypassable ✅
2698,0.0,1.0,261.0,0.0,5.0,0.9,Bypassable ✅
5186,1.0,1.0,239.0,0.0,5.0,1.69,Bypassable ✅
5516,1.0,1.0,261.0,0.0,5.0,1.69,Bypassable ✅
1076,0.0,1.0,63.0,0.0,5.0,0.9,Bypassable ✅
290,0.0,1.0,240.0,0.0,5.0,0.9,Bypassable ✅
7981,1.0,1.0,257.0,0.0,6.0,1.69,Bypassable ✅
4385,1.0,0.0,141.0,0.0,5.0,0.79,Further Inspection ⚠️
5412,1.0,1.0,85.0,0.0,5.0,1.69,Bypassable ✅
10315,1.0,1.0,41.0,0.0,5.0,1.69,Bypassable ✅
9140,1.0,0.0,20.0,0.0,5.0,0.79,Further Inspection ⚠️
8784,1.0,1.0,299.0,0.0,5.0,1.69,Bypassable ✅
9862,1.0,1.0,62.0,0.0,5.0,1.69,Bypassable ✅
9247,1.0,1.0,41.0,0.0,5.0,1.69,Bypassable ✅
6201,1.0,1.0,314.0,0.0,5.0,1.69,Bypassable ✅
2585,0.0,1.0,38.0,0.0,5.0,0.9,Bypassable ✅
4698,1.0,1.0,299.0,0.0,5.0,1.69,Bypassable ✅
3133,0.0,1.0,244.0,0.0,5.0,0.9,Bypassable ✅
8585,1.0,1.0,247.0,0.0,5.0,1.69,Bypassable ✅
9259,1.0,1.0,40.0,0.0,5.0,1.69,Bypassable ✅
3418,0.0,1.0,62.0,0.0,5.0,0.9,Bypassable ✅
10322,1.0,0.0,280.0,0.0,5.0,0.79,Further Inspection ⚠️
185,0.0,1.0,235.0,0.0,5.0,0.9,Bypassable ✅
7760,1.0,1.0,148.0,0.0,5.0,1.69,Bypassable ✅
9562,1.0,1.0,270.0,0.0,5.0,1.69,Bypassable ✅
3487,0.0,1.0,253.0,0.0,5.0,0.9,Bypassable ✅
1470,0.0,1.0,237.0,0.0,5.0,0.9,Bypassable ✅
2184,0.0,1.0,230.0,0.0,5.0,0.9,Bypassable ✅
3320,0.0,1.0,265.0,0.0,5.0,0.9,Bypassable ✅
2189,0.0,1.0,71.0,0.0,5.0,0.9,Bypassable ✅
5506,1.0,1.0,265.0,0.0,5.0,1.69,Bypassable ✅
3279,0.0,1.0,251.0,0.0,5.0,0.9,Bypassable ✅
9090,1.0,1.0,74.0,0.0,5.0,1.69,Bypassable ✅
5963,0.0,1.0,72.0,0.0,5.0,0.9,Bypassable ✅
5049,1.0,1.0,820.0,0.0,5.0,1.69,Bypassable ✅
9902,1.0,1.0,41.0,0.0,5.0,1.69,Bypassable ✅
381,0.0,1.0,246.0,0.0,5.0,0.9,Bypassable ✅
6476,1.0,0.0,291.0,0.0,5.0,0.79,Further Inspection ⚠️
2085,0.0,1.0,60.0,0.0,5.0,0.9,Bypassable ✅
10028,1.0,1.0,75.0,0.0,5.0,1.69,Bypassable ✅
3281,0.0,1.0,75.0,0.0,5.0,0.9,Bypassable ✅
3105,0.0,1.0,74.0,0.0,5.0,0.9,Bypassable ✅
2753,0.0,1.0,244.0,0.0,5.0,0.9,Bypassable ✅
3949,0.0,1.0,62.0,0.0,5.0,0.9,Bypassable ✅
5137,1.0,1.0,173.0,0.0,5.0,1.69,Bypassable ✅
7954,1.0,0.0,47.0,0.0,5.0,0.79,Further Inspection ⚠️
3387,0.0,1.0,67.0,0.0,5.0,0.9,Bypassable ✅
5483,1.0,0.0,55.0,0.0,5.0,0.79,Further Inspection ⚠️
2882,0.0,1.0,247.0,0.0,5.0,0.9,Bypassable ✅
10056,1.0,1.0,65.0,0.0,5.0,1.69,Bypassable ✅
1915,0.0,1.0,71.0,0.0,5.0,0.9,Bypassable ✅
3031,0.0,1.0,62.0,0.0,5.0,0.9,Bypassable ✅
9424,1.0,0.0,43.0,0.0,5.0,0.79,Further Inspection ⚠️
4439,1.0,0.0,323.0,0.0,5.0,0.79,Further Inspection ⚠️
3785,0.0,1.0,262.0,0.0,5.0,0.9,Bypassable ✅
3542,0.0,1.0,74.0,0.0,5.0,0.9,Bypassable ✅
4643,1.0,1.0,271.0,0.0,5.0,1.69,Bypassable ✅
4480,1.0,0.0,323.0,0.0,5.0,0.79,Further Inspection ⚠️
2108,0.0,1.0,38.0,0.0,5.0,0.9,Bypassable ✅
10501,1.0,1.0,268.0,0.0,5.0,1.69,Bypassable ✅
6730,1.0,0.0,158.0,0.0,5.0,0.79,Further Inspection ⚠️
10131,1.0,1.0,75.0,0.0,5.0,1.69,Bypassable ✅
9357,1.0,1.0,41.0,0.0,5.0,1.69,Bypassable ✅
6625,1.0,0.0,71.0,0.0,5.0,0.79,Further Inspection ⚠️
2375,0.0,1.0,38.0,0.0,5.0,0.9,Bypassable ✅
5053,1.0,1.0,602.0,0.0,5.0,1.69,Bypassable ✅
2996,0.0,1.0,263.0,0.0,5.0,0.9,Bypassable ✅
530,0.0,1.0,251.0,0.0,5.0,0.9,Bypassable ✅
6639,1.0,1.0,316.0,0.0,5.0,1.69,Bypassable ✅
5225,1.0,0.0,133.0,0.0,5.0,0.79,Further Inspection ⚠️
7095,1.0,0.0,45.0,0.0,5.0,0.79,Further Inspection ⚠️
2908,0.0,1.0,64.0,0.0,5.0,0.9,Bypassable ✅
5843,0.0,1.0,67.0,0.0,5.0,0.9,Bypassable ✅
6463,1.0,1.0,318.0,0.0,5.0,1.69,Bypassable ✅
2407,0.0,1.0,59.0,0.0,5.0,0.9,Bypassable ✅
6326,1.0,0.0,99.0,0.0,5.0,0.79,Further Inspection ⚠️
9165,1.0,1.0,77.0,0.0,5.0,1.69,Bypassable ✅
3288,0.0,1.0,247.0,0.0,5.0,0.9,Bypassable ✅
1710,0.0,1.0,255.0,0.0,5.0,0.9,Bypassable ✅
144,0.0,0.0,285.0,0.0,5.0,0.0,Blocked ❌
2847,0.0,1.0,256.0,0.0,5.0,0.9,Bypassable ✅
7510,1.0,1.0,239.0,0.0,5.0,1.69,Bypassable ✅
6586,1.0,1.0,113.0,0.0,5.0,1.69,Bypassable ✅
8613,1.0,1.0,144.0,0.0,5.0,1.69,Bypassable ✅
758,0.0,1.0,269.0,0.0,5.0,0.9,Bypassable ✅
5994,0.0,1.0,72.0,0.0,5.0,0.9,Bypassable ✅
5858,0.0,1.0,268.0,0.0,5.0,0.9,Bypassable ✅
2947,0.0,1.0,38.0,0.0,5.0,0.9,Bypassable ✅
8165,1.0,1.0,277.0,0.0,5.0,1.69,Bypassable ✅
8773,1.0,1.0,44.0,0.0,5.0,1.69,Bypassable ✅
3325,0.0,1.0,67.0,0.0,5.0,0.9,Bypassable ✅
5098,1.0,0.0,69.0,0.0,5.0,0.79,Further Inspection ⚠️
7829,1.0,0.0,120.0,0.0,5.0,0.79,Further Inspection ⚠️
2128,0.0,1.0,60.0,0.0,5.0,0.9,Bypassable ✅
9362,1.0,0.0,38.0,0.0,5.0,0.79,Further Inspection ⚠️
3973,0.0,1.0,74.0,0.0,5.0,0.9,Bypassable ✅
5749,1.0,1.0,285.0,0.0,5.0,1.69,Bypassable ✅
7030,1.0,1.0,44.0,0.0,5.0,1.69,Bypassable ✅
6315,1.0,1.0,302.0,0.0,5.0,1.69,Bypassable ✅
5466,1.0,1.0,60.0,0.0,5.0,1.69,Bypassable ✅
6669,1.0,1.0,303.0,0.0,5.0,1.69,Bypassable ✅
9804,1.0,1.0,77.0,0.0,5.0,1.69,Bypassable ✅
8299,1.0,0.0,44.0,0.0,5.0,0.79,Further Inspection ⚠️
5218,1.0,1.0,222.0,0.0,5.0,1.69,Bypassable ✅
431,0.0,1.0,244.0,0.0,5.0,0.9,Bypassable ✅
5882,0.0,1.0,67.0,0.0,5.0,0.9,Bypassable ✅
0,0.0,1.0,59.0,0.0,5.0,0.9,Bypassable ✅
8380,1.0,0.0,14.0,0.0,5.0,0.79,Further Inspection ⚠️
1408,0.0,1.0,239.0,0.0,5.0,0.9,Bypassable ✅
349,0.0,1.0,245.0,0.0,5.0,0.9,Bypassable ✅
10339,1.0,1.0,41.0,0.0,5.0,1.69,Bypassable ✅
3088,0.0,1.0,75.0,0.0,5.0,0.9,Bypassable ✅
3859,0.0,1.0,63.0,0.0,5.0,0.9,Bypassable ✅
6729,1.0,0.0,40.0,0.0,5.0,0.79,Further Inspection ⚠️
1512,0.0,1.0,61.0,0.0,5.0,0.9,Bypassable ✅
8772,1.0,1.0,325.0,0.0,5.0,1.69,Bypassable ✅
6330,1.0,0.0,124.0,0.0,5.0,0.79,Further Inspection ⚠️
4382,1.0,0.0,108.0,0.0,5.0,0.79,Further Inspection ⚠️
4918,1.0,1.0,78.0,0.0,5.0,1.69,Bypassable ✅
10104,1.0,1.0,233.0,0.0,5.0,1.69,Bypassable ✅
3497,0.0,1.0,240.0,0.0,5.0,0.9,Bypassable ✅
8600,1.0,1.0,126.0,0.0,5.0,1.69,Bypassable ✅
1155,0.0,1.0,67.0,0.0,5.0,0.9,Bypassable ✅
9303,1.0,1.0,245.0,0.0,5.0,1.69,Bypassable ✅
7297,1.0,1.0,327.0,0.0,5.0,1.69,Bypassable ✅
8404,1.0,0.0,86.0,0.0,5.0,0.79,Further Inspection ⚠️
7401,1.0,1.0,69.0,0.0,5.0,1.69,Bypassable ✅
6992,1.0,0.0,46.0,0.0,5.0,0.79,Further Inspection ⚠️
8624,1.0,0.0,62.0,0.0,5.0,0.79,Further Inspection ⚠️
708,0.0,1.0,267.0,0.0,5.0,0.9,Bypassable ✅
1905,0.0,1.0,68.0,0.0,5.0,0.9,Bypassable ✅
1732,0.0,1.0,239.0,0.0,5.0,0.9,Bypassable ✅
916,0.0,1.0,68.0,0.0,5.0,0.9,Bypassable ✅
5802,1.0,1.0,103.0,0.0,5.0,1.69,Bypassable ✅
8240,1.0,1.0,340.0,0.0,5.0,1.69,Bypassable ✅
3457,0.0,1.0,236.0,0.0,5.0,0.9,Bypassable ✅
10345,1.0,1.0,267.0,0.0,5.0,1.69,Bypassable ✅
5856,0.0,1.0,37.0,0.0,5.0,0.9,Bypassable ✅
8324,1.0,1.0,44.0,0.0,5.0,1.69,Bypassable ✅
1688,0.0,1.0,245.0,0.0,5.0,0.9,Bypassable ✅
3070,0.0,1.0,64.0,0.0,5.0,0.9,Bypassable ✅
3274,0.0,1.0,297.0,0.0,5.0,0.9,Bypassable ✅
7769,1.0,1.0,148.0,0.0,5.0,1.69,Bypassable ✅
6927,1.0,0.0,56.0,0.0,5.0,0.79,Further Inspection ⚠️
620,0.0,1.0,259.0,0.0,5.0,0.9,Bypassable ✅
4165,0.0,1.0,73.0,0.0,5.0,0.9,Bypassable ✅
3329,0.0,1.0,74.0,0.0,5.0,0.9,Bypassable ✅
782,0.0,1.0,274.0,0.0,5.0,0.9,Bypassable ✅
5894,0.0,1.0,270.0,0.0,5.0,0.9,Bypassable ✅
1156,0.0,1.0,66.0,0.0,5.0,0.9,Bypassable ✅
2930,0.0,1.0,57.0,0.0,5.0,0.9,Bypassable ✅
5852,0.0,1.0,71.0,0.0,5.0,0.9,Bypassable ✅
5846,0.0,1.0,246.0,0.0,5.0,0.9,Bypassable ✅
316,0.0,1.0,241.0,0.0,5.0,0.9,Bypassable ✅
10419,1.0,1.0,40.0,0.0,5.0,1.69,Bypassable ✅
2088,0.0,0.0,62.0,0.0,5.0,0.0,Blocked ❌
7737,1.0,1.0,325.0,0.0,5.0,1.69,Bypassable ✅
1511,0.0,1.0,66.0,0.0,5.0,0.9,Bypassable ✅
379,0.0,0.0,244.0,0.0,5.0,0.0,Blocked ❌
9286,1.0,1.0,89.0,0.0,5.0,1.69,Bypassable ✅
3870,0.0,1.0,253.0,0.0,5.0,0.9,Bypassable ✅
2513,0.0,1.0,58.0,0.0,5.0,0.9,Bypassable ✅
4902,1.0,0.0,30.0,0.0,5.0,0.79,Further Inspection ⚠️
9370,1.0,1.0,38.0,0.0,5.0,1.69,Bypassable ✅
7482,1.0,1.0,327.0,0.0,5.0,1.69,Bypassable ✅
4511,1.0,0.0,67.0,0.0,5.0,0.79,Further Inspection ⚠️
4792,1.0,0.0,105.0,0.0,5.0,0.79,Further Inspection ⚠️
7139,1.0,0.0,46.0,0.0,5.0,0.79,Further Inspection ⚠️
1578,0.0,1.0,64.0,0.0,5.0,0.9,Bypassable ✅
5121,1.0,1.0,238.0,0.0,5.0,1.69,Bypassable ✅
5022,1.0,0.0,70.0,0.0,5.0,0.79,Further Inspection ⚠️
4137,0.0,1.0,63.0,0.0,5.0,0.9,Bypassable ✅
2388,0.0,1.0,74.0,0.0,5.0,0.9,Bypassable ✅
1530,0.0,1.0,71.0,0.0,5.0,0.9,Bypassable ✅
2602,0.0,1.0,71.0,0.0,5.0,0.9,Bypassable ✅
103,0.0,0.0,263.0,0.0,5.0,0.0,Blocked ❌
7055,1.0,1.0,257.0,0.0,5.0,1.69,Bypassable ✅
6343,1.0,1.0,304.0,0.0,5.0,1.69,Bypassable ✅
4993,1.0,0.0,54.0,0.0,5.0,0.79,Further Inspection ⚠️
6157,0.0,1.0,272.0,0.0,5.0,0.9,Bypassable ✅
6603,1.0,0.0,115.0,0.0,5.0,0.79,Further Inspection ⚠️
3647,0.0,1.0,38.0,0.0,5.0,0.9,Bypassable ✅
756,0.0,1.0,269.0,0.0,5.0,0.9,Bypassable ✅
3602,0.0,1.0,67.0,0.0,5.0,0.9,Bypassable ✅
7036,1.0,1.0,46.0,0.0,5.0,1.69,Bypassable ✅
4475,1.0,0.0,332.0,0.0,5.0,0.79,Further Inspection ⚠️
6187,1.0,1.0,96.0,0.0,5.0,1.69,Bypassable ✅
7589,1.0,1.0,48.0,0.0,5.0,1.69,Bypassable ✅
8552,1.0,1.0,63.0,0.0,5.0,1.69,Bypassable ✅
5798,1.0,1.0,87.0,0.0,5.0,1.69,Bypassable ✅
8134,1.0,1.0,156.0,0.0,5.0,1.69,Bypassable ✅
2846,0.0,1.0,258.0,0.0,5.0,0.9,Bypassable ✅
3848,0.0,1.0,59.0,0.0,5.0,0.9,Bypassable ✅
5958,0.0,1.0,249.0,0.0,5.0,0.9,Bypassable ✅
2447,0.0,1.0,74.0,0.0,5.0,0.9,Bypassable ✅
4974,1.0,1.0,568.0,0.0,5.0,1.69,Bypassable ✅
6220,1.0,0.0,78.0,0.0,5.0,0.79,Further Inspection ⚠️
9631,1.0,1.0,41.0,0.0,5.0,1.69,Bypassable ✅
8902,1.0,1.0,70.0,0.0,5.0,1.69,Bypassable ✅
4991,1.0,1.0,257.0,0.0,5.0,1.69,Bypassable ✅
3429,0.0,1.0,225.0,0.0,5.0,0.9,Bypassable ✅
10139,1.0,1.0,62.0,0.0,5.0,1.69,Bypassable ✅
567,0.0,1.0,259.0,0.0,5.0,0.9,Bypassable ✅
7033,1.0,0.0,46.0,0.0,5.0,0.79,Further Inspection ⚠️
6429,1.0,1.0,109.0,0.0,5.0,1.69,Bypassable ✅
9055,1.0,0.0,9.0,0.0,5.0,0.79,Further Inspection ⚠️
7443,1.0,0.0,47.0,0.0,5.0,0.79,Further Inspection ⚠️
7787,1.0,1.0,47.0,0.0,5.0,1.69,Bypassable ✅
5936,0.0,1.0,72.0,0.0,5.0,0.9,Bypassable ✅
3880,0.0,1.0,70.0,0.0,5.0,0.9,Bypassable ✅
7545,1.0,1.0,44.0,0.0,5.0,1.69,Bypassable ✅
2701,0.0,1.0,63.0,0.0,5.0,0.9,Bypassable ✅
2680,0.0,1.0,63.0,0.0,5.0,0.9,Bypassable ✅
4913,1.0,0.0,24.0,0.0,5.0,0.79,Further Inspection ⚠️
2691,0.0,1.0,63.0,0.0,5.0,0.9,Bypassable ✅
5380,1.0,1.0,226.0,0.0,5.0,1.69,Bypassable ✅
7268,1.0,1.0,102.0,0.0,5.0,1.69,Bypassable ✅
1224,0.0,1.0,60.0,0.0,5.0,0.9,Bypassable ✅
9563,1.0,1.0,76.0,0.0,5.0,1.69,Bypassable ✅
1199,0.0,1.0,75.0,0.0,5.0,0.9,Bypassable ✅
5477,1.0,1.0,270.0,0.0,5.0,1.69,Bypassable ✅
764,0.0,1.0,268.0,0.0,5.0,0.9,Bypassable ✅
6598,1.0,1.0,141.0,0.0,5.0,1.69,Bypassable ✅
4885,1.0,1.0,309.0,0.0,5.0,1.69,Bypassable ✅
36,0.0,1.0,266.0,0.0,5.0,0.9,Bypassable ✅
3405,0.0,1.0,247.0,0.0,5.0,0.9,Bypassable ✅
1669,0.0,1.0,267.0,0.0,5.0,0.9,Bypassable ✅
8485,1.0,0.0,99.0,0.0,5.0,0.79,Further Inspection ⚠️
1783,0.0,1.0,67.0,0.0,5.0,0.9,Bypassable ✅
8139,1.0,1.0,315.0,0.0,5.0,1.69,Bypassable ✅
2210,0.0,1.0,60.0,0.0,5.0,0.9,Bypassable ✅
3573,0.0,1.0,60.0,0.0,5.0,0.9,Bypassable ✅
4818,1.0,0.0,97.0,0.0,5.0,0.79,Further Inspection ⚠️
2519,0.0,1.0,252.0,0.0,5.0,0.9,Bypassable ✅
6259,1.0,1.0,79.0,0.0,5.0,1.69,Bypassable ✅
6301,1.0,0.0,56.0,0.0,5.0,0.79,Further Inspection ⚠️
1351,0.0,1.0,38.0,0.0,5.0,0.9,Bypassable ✅
3448,0.0,1.0,65.0,0.0,5.0,0.9,Bypassable ✅
7456,1.0,1.0,44.0,0.0,5.0,1.69,Bypassable ✅
7207,1.0,0.0,46.0,0.0,5.0,0.79,Further Inspection ⚠️
5605,1.0,0.0,48.0,0.0,5.0,0.79,Further Inspection ⚠️
1360,0.0,1.0,61.0,0.0,5.0,0.9,Bypassable ✅
9242,1.0,1.0,77.0,0.0,5.0,1.69,Bypassable ✅
7877,1.0,1.0,318.0,0.0,5.0,1.69,Bypassable ✅
2319,0.0,1.0,240.0,0.0,5.0,0.9,Bypassable ✅
486,0.0,1.0,251.0,0.0,5.0,0.9,Bypassable ✅
2304,0.0,1.0,67.0,0.0,5.0,0.9,Bypassable ✅
3533,0.0,1.0,71.0,0.0,5.0,0.9,Bypassable ✅
10375,1.0,1.0,67.0,0.0,5.0,1.69,Bypassable ✅
6156,0.0,1.0,263.0,0.0,5.0,0.9,Bypassable ✅
4450,1.0,0.0,148.0,0.0,5.0,0.79,Further Inspection ⚠️
5038,1.0,1.0,573.0,0.0,5.0,1.69,Bypassable ✅
5268,1.0,1.0,78.0,0.0,5.0,1.69,Bypassable ✅
637,0.0,1.0,255.0,0.0,5.0,0.9,Bypassable ✅
1071,0.0,1.0,56.0,0.0,5.0,0.9,Bypassable ✅
10156,1.0,1.0,247.0,0.0,5.0,1.69,Bypassable ✅
8376,1.0,1.0,241.0,0.0,5.0,1.69,Bypassable ✅
1190,0.0,1.0,59.0,0.0,5.0,0.9,Bypassable ✅
5853,0.0,1.0,259.0,0.0,5.0,0.9,Bypassable ✅
7477,1.0,1.0,44.0,0.0,5.0,1.69,Bypassable ✅
10531,1.0,1.0,78.0,0.0,5.0,1.69,Bypassable ✅
9744,1.0,1.0,61.0,0.0,5.0,1.69,Bypassable ✅
149,0.0,1.0,284.0,0.0,5.0,0.9,Bypassable ✅
8866,1.0,0.0,75.0,0.0,5.0,0.79,Further Inspection ⚠️
3921,0.0,1.0,75.0,0.0,5.0,0.9,Bypassable ✅
2485,0.0,1.0,238.0,0.0,5.0,0.9,Bypassable ✅
9988,1.0,1.0,70.0,0.0,5.0,1.69,Bypassable ✅
167,0.0,1.0,231.0,0.0,5.0,0.9,Bypassable ✅
8521,1.0,1.0,262.0,0.0,5.0,1.69,Bypassable ✅
5331,1.0,1.0,217.0,0.0,5.0,1.69,Bypassable ✅
5703,1.0,1.0,115.0,0.0,5.0,1.69,Bypassable ✅
7243,1.0,1.0,114.0,0.0,5.0,1.69,Bypassable ✅
3919,0.0,0.0,37.0,0.0,5.0,0.0,Blocked ❌
801,0.0,1.0,279.0,0.0,5.0,0.9,Bypassable ✅
7262,1.0,1.0,308.0,0.0,5.0,1.69,Bypassable ✅
6622,1.0,0.0,56.0,0.0,5.0,0.79,Further Inspection ⚠️
5616,1.0,1.0,270.0,0.0,5.0,1.69,Bypassable ✅
4081,0.0,1.0,57.0,0.0,5.0,0.9,Bypassable ✅
742,0.0,1.0,266.0,0.0,5.0,0.9,Bypassable ✅
3955,0.0,1.0,238.0,0.0,5.0,0.9,Bypassable ✅
4219,0.0,1.0,38.0,0.0,5.0,0.9,Bypassable ✅
2611,0.0,1.0,65.0,0.0,5.0,0.9,Bypassable ✅
3187,0.0,1.0,62.0,0.0,5.0,0.9,Bypassable ✅
4983,1.0,0.0,83.0,0.0,5.0,0.79,Further Inspection ⚠️
6803,1.0,0.0,25.0,0.0,5.0,0.79,Further Inspection ⚠️
5066,1.0,1.0,602.0,0.0,5.0,1.69,Bypassable ✅
8387,1.0,1.0,44.0,0.0,5.0,1.69,Bypassable ✅
9964,1.0,1.0,62.0,0.0,5.0,1.69,Bypassable ✅
3777,0.0,1.0,253.0,0.0,5.0,0.9,Bypassable ✅
8699,1.0,1.0,51.0,0.0,5.0,1.69,Bypassable ✅
1740,0.0,1.0,65.0,0.0,5.0,0.9,Bypassable ✅
4347,0.0,1.0,74.0,0.0,5.0,0.9,Bypassable ✅
799,0.0,1.0,275.0,0.0,5.0,0.9,Bypassable ✅
5317,1.0,0.0,123.0,0.0,5.0,0.79,Further Inspection ⚠️
9839,1.0,1.0,41.0,0.0,5.0,1.69,Bypassable ✅
5269,1.0,1.0,230.0,0.0,5.0,1.69,Bypassable ✅
5938,0.0,1.0,38.0,0.0,5.0,0.9,Bypassable ✅
10004,1.0,1.0,78.0,0.0,5.0,1.69,Bypassable ✅
1210,0.0,1.0,38.0,0.0,5.0,0.9,Bypassable ✅
2874,0.0,1.0,62.0,0.0,5.0,0.9,Bypassable ✅
9006,1.0,1.0,70.0,0.0,5.0,1.69,Bypassable ✅
6393,1.0,1.0,139.0,0.0,5.0,1.69,Bypassable ✅
6584,1.0,0.0,102.0,0.0,5.0,0.79,Further Inspection ⚠️
9053,1.0,1.0,69.0,0.0,5.0,1.69,Bypassable ✅
8688,1.0,1.0,44.0,0.0,5.0,1.69,Bypassable ✅
10593,1.0,1.0,61.0,0.0,5.0,1.69,Bypassable ✅
1188,0.0,1.0,244.0,0.0,5.0,0.9,Bypassable ✅
2392,0.0,1.0,74.0,0.0,5.0,0.9,Bypassable ✅
8900,1.0,0.0,78.0,0.0,5.0,0.79,Further Inspection ⚠️
586,0.0,1.0,257.0,0.0,5.0,0.9,Bypassable ✅
3467,0.0,1.0,58.0,0.0,5.0,0.9,Bypassable ✅
5554,1.0,0.0,78.0,0.0,5.0,0.79,Further Inspection ⚠️
5323,1.0,0.0,125.0,0.0,5.0,0.79,Further Inspection ⚠️
7182,1.0,0.0,46.0,0.0,5.0,0.79,Further Inspection ⚠️
4292,0.0,1.0,260.0,0.0,5.0,0.9,Bypassable ✅
3037,0.0,0.0,258.0,0.0,5.0,0.0,Blocked ❌
8422,1.0,0.0,12.0,0.0,5.0,0.79,Further Inspection ⚠️
4328,0.0,1.0,238.0,0.0,5.0,0.9,Bypassable ✅
3621,0.0,1.0,60.0,0.0,5.0,0.9,Bypassable ✅
10032,1.0,1.0,40.0,0.0,5.0,1.69,Bypassable ✅
9008,1.0,0.0,4.0,0.0,5.0,0.79,Further Inspection ⚠️
23,0.0,1.0,66.0,0.0,5.0,0.9,Bypassable ✅
7087,1.0,0.0,45.0,0.0,5.0,0.79,Further Inspection ⚠️
5379,1.0,1.0,99.0,0.0,5.0,1.69,Bypassable ✅
4771,1.0,0.0,108.0,0.0,5.0,0.79,Further Inspection ⚠️
7974,1.0,0.0,57.0,0.0,5.0,0.79,Further Inspection ⚠️
6438,1.0,0.0,75.0,0.0,5.0,0.79,Further Inspection ⚠️
8504,1.0,1.0,61.0,0.0,5.0,1.69,Bypassable ✅
2957,0.0,1.0,57.0,0.0,5.0,0.9,Bypassable ✅
1427,0.0,1.0,261.0,0.0,5.0,0.9,Bypassable ✅
789,0.0,1.0,273.0,0.0,5.0,0.9,Bypassable ✅
4224,0.0,1.0,248.0,0.0,5.0,0.9,Bypassable ✅
1347,0.0,0.0,58.0,0.0,5.0,0.0,Blocked ❌
9552,1.0,1.0,41.0,0.0,5.0,1.69,Bypassable ✅
6473,1.0,1.0,310.0,0.0,5.0,1.69,Bypassable ✅
7767,1.0,1.0,298.0,0.0,5.0,1.69,Bypassable ✅
8347,1.0,1.0,331.0,0.0,5.0,1.69,Bypassable ✅
1886,0.0,1.0,238.0,0.0,5.0,0.9,Bypassable ✅
10651,1.0,1.0,41.0,0.0,5.0,1.69,Bypassable ✅
2389,0.0,0.0,60.0,0.0,5.0,0.0,Blocked ❌
4194,0.0,1.0,264.0,0.0,5.0,0.9,Bypassable ✅
7425,1.0,1.0,44.0,0.0,5.0,1.69,Bypassable ✅
6569,1.0,1.0,293.0,0.0,5.0,1.69,Bypassable ✅
1418,0.0,1.0,269.0,0.0,5.0,0.9,Bypassable ✅
1965,0.0,1.0,68.0,0.0,5.0,0.9,Bypassable ✅
2405,0.0,1.0,60.0,0.0,5.0,0.9,Bypassable ✅
605,0.0,1.0,258.0,0.0,5.0,0.9,Bypassable ✅
1862,0.0,1.0,263.0,0.0,5.0,0.9,Bypassable ✅
10177,1.0,1.0,40.0,0.0,5.0,1.69,Bypassable ✅
993,0.0,1.0,58.0,0.0,5.0,0.9,Bypassable ✅
6494,1.0,1.0,113.0,0.0,5.0,1.69,Bypassable ✅
8822,1.0,1.0,47.0,0.0,5.0,1.69,Bypassable ✅
5458,1.0,1.0,60.0,0.0,5.0,1.69,Bypassable ✅
3355,0.0,1.0,253.0,0.0,5.0,0.9,Bypassable ✅
5838,0.0,1.0,72.0,0.0,5.0,0.9,Bypassable ✅
5730,1.0,1.0,293.0,0.0,5.0,1.69,Bypassable ✅
3717,0.0,1.0,240.0,0.0,5.0,0.9,Bypassable ✅
1864,0.0,1.0,59.0,0.0,5.0,0.9,Bypassable ✅
8062,1.0,1.0,124.0,0.0,5.0,1.69,Bypassable ✅
7838,1.0,1.0,44.0,0.0,5.0,1.69,Bypassable ✅
8342,1.0,1.0,342.0,0.0,5.0,1.69,Bypassable ✅
7536,1.0,0.0,55.0,0.0,5.0,0.79,Further Inspection ⚠️
10025,1.0,1.0,68.0,0.0,5.0,1.69,Bypassable ✅
7603,1.0,1.0,43.0,0.0,5.0,1.69,Bypassable ✅
4865,1.0,1.0,107.0,0.0,5.0,1.69,Bypassable ✅
8414,1.0,0.0,122.0,0.0,5.0,0.79,Further Inspection ⚠️
3404,0.0,1.0,63.0,0.0,5.0,0.9,Bypassable ✅
6191,1.0,1.0,282.0,0.0,5.0,1.69,Bypassable ✅
6069,0.0,1.0,66.0,0.0,5.0,0.9,Bypassable ✅
8366,1.0,1.0,44.0,0.0,5.0,1.69,Bypassable ✅
2709,0.0,1.0,232.0,0.0,5.0,0.9,Bypassable ✅
5267,1.0,1.0,328.0,0.0,5.0,1.69,Bypassable ✅
1253,0.0,1.0,74.0,0.0,5.0,0.9,Bypassable ✅
9884,1.0,1.0,74.0,0.0,5.0,1.69,Bypassable ✅
6858,1.0,0.0,46.0,0.0,5.0,0.79,Further Inspection ⚠️
9851,1.0,0.0,41.0,0.0,5.0,0.79,Further Inspection ⚠️
1310,0.0,1.0,59.0,0.0,5.0,0.9,Bypassable ✅
9657,1.0,1.0,261.0,0.0,5.0,1.69,Bypassable ✅
5183,1.0,1.0,199.0,0.0,5.0,1.69,Bypassable ✅
8346,1.0,0.0,56.0,0.0,5.0,0.79,Further Inspection ⚠️
9001,1.0,0.0,77.0,0.0,5.0,0.79,Further Inspection ⚠️
2638,0.0,1.0,280.0,0.0,5.0,0.9,Bypassable ✅
3382,0.0,1.0,61.0,0.0,5.0,0.9,Bypassable ✅
3016,0.0,1.0,254.0,0.0,5.0,0.9,Bypassable ✅
5484,1.0,1.0,281.0,0.0,5.0,1.69,Bypassable ✅
1315,0.0,1.0,238.0,0.0,5.0,0.9,Bypassable ✅
1941,0.0,1.0,247.0,0.0,5.0,0.9,Bypassable ✅
6887,1.0,0.0,46.0,0.0,5.0,0.79,Further Inspection ⚠️
2458,0.0,1.0,74.0,0.0,5.0,0.9,Bypassable ✅
6611,1.0,0.0,81.0,0.0,5.0,0.79,Further Inspection ⚠️
267,0.0,1.0,246.0,0.0,5.0,0.9,Bypassable ✅
8094,1.0,1.0,310.0,0.0,5.0,1.69,Bypassable ✅
715,0.0,1.0,267.0,0.0,5.0,0.9,Bypassable ✅
8138,1.0,1.0,301.0,0.0,5.0,1.69,Bypassable ✅
8505,1.0,1.0,116.0,0.0,5.0,1.69,Bypassable ✅
1339,0.0,1.0,61.0,0.0,5.0,0.9,Bypassable ✅
9652,1.0,1.0,41.0,0.0,5.0,1.69,Bypassable ✅
3520,0.0,1.0,62.0,0.0,5.0,0.9,Bypassable ✅
738,0.0,1.0,273.0,0.0,5.0,0.9,Bypassable ✅
4957,1.0,0.0,38.0,0.0,5.0,0.79,Further Inspection ⚠️
965,0.0,1.0,235.0,0.0,5.0,0.9,Bypassable ✅
252,0.0,1.0,245.0,0.0,5.0,0.9,Bypassable ✅
10623,1.0,1.0,62.0,0.0,5.0,1.69,Bypassable ✅
7639,1.0,1.0,260.0,0.0,5.0,1.69,Bypassable ✅
50,0.0,0.0,238.0,0.0,5.0,0.0,Blocked ❌
4984,1.0,0.0,91.0,0.0,5.0,0.79,Further Inspection ⚠️
10458,1.0,1.0,64.0,0.0,5.0,1.69,Bypassable ✅
5354,1.0,0.0,51.0,0.0,5.0,0.79,Further Inspection ⚠️
1623,0.0,1.0,63.0,0.0,5.0,0.9,Bypassable ✅
872,0.0,1.0,38.0,0.0,5.0,0.9,Bypassable ✅
9976,1.0,1.0,74.0,0.0,5.0,1.69,Bypassable ✅
6350,1.0,0.0,42.0,0.0,5.0,0.79,Further Inspection ⚠️
6706,1.0,1.0,299.0,0.0,5.0,1.69,Bypassable ✅
2270,0.0,1.0,59.0,0.0,5.0,0.9,Bypassable ✅
10036,1.0,1.0,69.0,0.0,5.0,1.69,Bypassable ✅
1803,0.0,1.0,249.0,0.0,5.0,0.9,Bypassable ✅
3314,0.0,1.0,267.0,0.0,5.0,0.9,Bypassable ✅
248,0.0,0.0,239.0,0.0,5.0,0.0,Blocked ❌
8229,1.0,0.0,34.0,0.0,5.0,0.79,Further Inspection ⚠️
7688,1.0,1.0,65.0,0.0,5.0,1.69,Bypassable ✅
10238,1.0,1.0,65.0,0.0,5.0,1.69,Bypassable ✅
4791,1.0,1.0,335.0,0.0,5.0,1.69,Bypassable ✅
554,0.0,1.0,252.0,0.0,5.0,0.9,Bypassable ✅
971,0.0,0.0,247.0,0.0,5.0,0.0,Blocked ❌
10186,1.0,1.0,64.0,0.0,5.0,1.69,Bypassable ✅
5615,1.0,1.0,102.0,0.0,5.0,1.69,Bypassable ✅
5308,1.0,1.0,306.0,0.0,5.0,1.69,Bypassable ✅
5159,1.0,1.0,336.0,0.0,5.0,1.69,Bypassable ✅
4755,1.0,1.0,137.0,0.0,5.0,1.69,Bypassable ✅
2724,0.0,1.0,38.0,0.0,5.0,0.9,Bypassable ✅
6627,1.0,1.0,117.0,0.0,5.0,1.69,Bypassable ✅
8974,1.0,1.0,70.0,0.0,5.0,1.69,Bypassable ✅
1971,0.0,1.0,71.0,0.0,5.0,0.9,Bypassable ✅
10452,1.0,1.0,75.0,0.0,5.0,1.69,Bypassable ✅
447,0.0,1.0,252.0,0.0,5.0,0.9,Bypassable ✅
3844,0.0,1.0,57.0,0.0,5.0,0.9,Bypassable ✅
4181,0.0,1.0,253.0,0.0,5.0,0.9,Bypassable ✅
8143,1.0,1.0,43.0,0.0,5.0,1.69,Bypassable ✅
5398,1.0,1.0,89.0,0.0,5.0,1.69,Bypassable ✅
3798,0.0,1.0,38.0,0.0,5.0,0.9,Bypassable ✅
2351,0.0,1.0,58.0,0.0,5.0,0.9,Bypassable ✅
4209,0.0,1.0,38.0,0.0,5.0,0.9,Bypassable ✅
2769,0.0,1.0,234.0,0.0,5.0,0.9,Bypassable ✅
7610,1.0,1.0,44.0,0.0,5.0,1.69,Bypassable ✅
461,0.0,0.0,250.0,0.0,5.0,0.0,Blocked ❌
3458,0.0,1.0,66.0,0.0,5.0,0.9,Bypassable ✅
5651,1.0,1.0,137.0,0.0,5.0,1.69,Bypassable ✅
3708,0.0,1.0,66.0,0.0,5.0,0.9,Bypassable ✅
6131,0.0,1.0,277.0,0.0,5.0,0.9,Bypassable ✅
4845,1.0,0.0,93.0,0.0,5.0,0.79,Further Inspection ⚠️
4722,1.0,1.0,120.0,0.0,5.0,1.69,Bypassable ✅
2236,0.0,1.0,63.0,0.0,5.0,0.9,Bypassable ✅
750,0.0,1.0,270.0,0.0,5.0,0.9,Bypassable ✅
1175,0.0,1.0,275.0,0.0,5.0,0.9,Bypassable ✅
7352,1.0,1.0,262.0,0.0,5.0,1.69,Bypassable ✅
376,0.0,1.0,246.0,0.0,5.0,0.9,Bypassable ✅
410,0.0,1.0,245.0,0.0,5.0,0.9,Bypassable ✅
4773,1.0,1.0,305.0,0.0,5.0,1.69,Bypassable ✅
8113,1.0,1.0,266.0,0.0,5.0,1.69,Bypassable ✅
3333,0.0,1.0,67.0,0.0,5.0,0.9,Bypassable ✅
9731,1.0,1.0,61.0,0.0,5.0,1.69,Bypassable ✅
6903,1.0,1.0,84.0,0.0,5.0,1.69,Bypassable ✅
8921,1.0,0.0,75.0,0.0,5.0,0.79,Further Inspection ⚠️
7608,1.0,1.0,105.0,0.0,5.0,1.69,Bypassable ✅
10647,1.0,0.0,74.0,0.0,5.0,0.79,Further Inspection ⚠️
8327,1.0,1.0,262.0,0.0,5.0,1.69,Bypassable ✅
5723,1.0,1.0,256.0,0.0,5.0,1.69,Bypassable ✅
6137,0.0,1.0,64.0,0.0,5.0,0.9,Bypassable ✅
9489,1.0,0.0,266.0,0.0,5.0,0.79,Further Inspection ⚠️
7413,1.0,1.0,249.0,0.0,5.0,1.69,Bypassable ✅
9016,1.0,1.0,74.0,0.0,5.0,1.69,Bypassable ✅
274,0.0,1.0,240.0,0.0,5.0,0.9,Bypassable ✅
1496,0.0,1.0,74.0,0.0,5.0,0.9,Bypassable ✅
6681,1.0,0.0,61.0,0.0,5.0,0.79,Further Inspection ⚠️
10502,1.0,1.0,41.0,0.0,5.0,1.69,Bypassable ✅
2771,0.0,1.0,62.0,0.0,5.0,0.9,Bypassable ✅
10157,1.0,1.0,252.0,0.0,5.0,1.69,Bypassable ✅
7306,1.0,1.0,342.0,0.0,5.0,1.69,Bypassable ✅
6782,1.0,0.0,56.0,0.0,5.0,0.79,Further Inspection ⚠️
6127,0.0,1.0,72.0,0.0,5.0,0.9,Bypassable ✅
1957,0.0,1.0,72.0,0.0,5.0,0.9,Bypassable ✅
3038,0.0,1.0,67.0,0.0,5.0,0.9,Bypassable ✅
3465,0.0,1.0,253.0,0.0,5.0,0.9,Bypassable ✅
4189,0.0,1.0,38.0,0.0,5.0,0.9,Bypassable ✅
7428,1.0,1.0,107.0,0.0,5.0,1.69,Bypassable ✅
2820,0.0,1.0,55.0,0.0,5.0,0.9,Bypassable ✅
3334,0.0,1.0,71.0,0.0,5.0,0.9,Bypassable ✅
467,0.0,1.0,254.0,0.0,5.0,0.9,Bypassable ✅
7135,1.0,1.0,265.0,0.0,5.0,1.69,Bypassable ✅
9437,1.0,1.0,41.0,0.0,5.0,1.69,Bypassable ✅
5025,1.0,1.0,815.0,0.0,5.0,1.69,Bypassable ✅
1508,0.0,1.0,59.0,0.0,5.0,0.9,Bypassable ✅
2020,0.0,1.0,57.0,0.0,5.0,0.9,Bypassable ✅
3272,0.0,1.0,38.0,0.0,5.0,0.9,Bypassable ✅
1684,0.0,1.0,38.0,0.0,5.0,0.9,Bypassable ✅
499,0.0,1.0,257.0,0.0,5.0,0.9,Bypassable ✅
8496,1.0,1.0,361.0,0.0,5.0,1.69,Bypassable ✅
2922,0.0,1.0,74.0,0.0,5.0,0.9,Bypassable ✅
5748,1.0,1.0,287.0,0.0,5.0,1.69,Bypassable ✅
513,0.0,1.0,258.0,0.0,5.0,0.9,Bypassable ✅
3914,0.0,1.0,63.0,0.0,5.0,0.9,Bypassable ✅
4099,0.0,1.0,67.0,0.0,5.0,0.9,Bypassable ✅
6964,1.0,0.0,46.0,0.0,5.0,0.79,Further Inspection ⚠️
10170,1.0,1.0,70.0,0.0,5.0,1.69,Bypassable ✅
9891,1.0,1.0,61.0,0.0,5.0,1.69,Bypassable ✅
921,0.0,1.0,253.0,0.0,5.0,0.9,Bypassable ✅
6245,1.0,1.0,310.0,0.0,5.0,1.69,Bypassable ✅
3532,0.0,1.0,38.0,0.0,5.0,0.9,Bypassable ✅
3509,0.0,1.0,58.0,0.0,5.0,0.9,Bypassable ✅
4379,1.0,0.0,304.0,0.0,5.0,0.79,Further Inspection ⚠️
5465,1.0,1.0,84.0,0.0,5.0,1.69,Bypassable ✅
474,0.0,1.0,248.0,0.0,5.0,0.9,Bypassable ✅
4521,1.0,1.0,55.0,0.0,5.0,1.69,Bypassable ✅
5918,0.0,1.0,74.0,0.0,5.0,0.9,Bypassable ✅
465,0.0,1.0,252.0,0.0,5.0,0.9,Bypassable ✅
1730,0.0,1.0,63.0,0.0,5.0,0.9,Bypassable ✅
10408,1.0,1.0,68.0,0.0,5.0,1.69,Bypassable ✅
4767,1.0,1.0,319.0,0.0,5.0,1.69,Bypassable ✅
5474,1.0,1.0,60.0,0.0,5.0,1.69,Bypassable ✅
2067,0.0,1.0,286.0,0.0,5.0,0.9,Bypassable ✅
8215,1.0,1.0,59.0,0.0,5.0,1.69,Bypassable ✅
480,0.0,1.0,251.0,0.0,5.0,0.9,Bypassable ✅
3378,0.0,1.0,38.0,0.0,5.0,0.9,Bypassable ✅
4407,1.0,0.0,131.0,0.0,5.0,0.79,Further Inspection ⚠️
5363,1.0,1.0,242.0,0.0,5.0,1.69,Bypassable ✅
3895,0.0,1.0,250.0,0.0,5.0,0.9,Bypassable ✅
10243,1.0,0.0,20.0,0.0,5.0,0.79,Further Inspection ⚠️
4336,0.0,1.0,72.0,0.0,5.0,0.9,Bypassable ✅
6691,1.0,1.0,108.0,0.0,5.0,1.69,Bypassable ✅
6532,1.0,1.0,296.0,0.0,5.0,1.69,Bypassable ✅
2909,0.0,1.0,38.0,0.0,5.0,0.9,Bypassable ✅
2620,0.0,1.0,241.0,0.0,5.0,0.9,Bypassable ✅
9599,1.0,1.0,66.0,0.0,5.0,1.69,Bypassable ✅
4617,1.0,1.0,139.0,0.0,5.0,1.69,Bypassable ✅
6017,0.0,1.0,71.0,0.0,5.0,0.9,Bypassable ✅
5193,1.0,1.0,204.0,0.0,5.0,1.69,Bypassable ✅
10393,1.0,1.0,74.0,0.0,5.0,1.69,Bypassable ✅
1349,0.0,1.0,75.0,0.0,5.0,0.9,Bypassable ✅
6501,1.0,1.0,281.0,0.0,5.0,1.69,Bypassable ✅
8951,1.0,0.0,75.0,0.0,5.0,0.79,Further Inspection ⚠️
2337,0.0,1.0,67.0,0.0,5.0,0.9,Bypassable ✅
7662,1.0,1.0,319.0,0.0,5.0,1.69,Bypassable ✅
8353,1.0,1.0,278.0,0.0,5.0,1.69,Bypassable ✅
1692,0.0,1.0,67.0,0.0,5.0,0.9,Bypassable ✅
9232,1.0,1.0,41.0,0.0,5.0,1.69,Bypassable ✅
2425,0.0,1.0,58.0,0.0,5.0,0.9,Bypassable ✅
8847,1.0,1.0,238.0,0.0,5.0,1.69,Bypassable ✅
1606,0.0,1.0,61.0,0.0,5.0,0.9,Bypassable ✅
2627,0.0,1.0,254.0,0.0,5.0,0.9,Bypassable ✅
3684,0.0,1.0,57.0,0.0,5.0,0.9,Bypassable ✅
4421,1.0,1.0,129.0,0.0,5.0,1.69,Bypassable ✅
714,0.0,1.0,265.0,0.0,5.0,0.9,Bypassable ✅
3680,0.0,1.0,64.0,0.0,5.0,0.9,Bypassable ✅
3557,0.0,1.0,38.0,0.0,5.0,0.9,Bypassable ✅
10141,1.0,1.0,41.0,0.0,5.0,1.69,Bypassable ✅
3160,0.0,1.0,233.0,0.0,5.0,0.9,Bypassable ✅
9206,1.0,1.0,34.0,0.0,5.0,1.69,Bypassable ✅
6117,0.0,1.0,68.0,0.0,5.0,0.9,Bypassable ✅
10426,1.0,1.0,75.0,0.0,5.0,1.69,Bypassable ✅
8439,1.0,1.0,44.0,0.0,5.0,1.69,Bypassable ✅
8776,1.0,1.0,104.0,0.0,5.0,1.69,Bypassable ✅
5982,0.0,1.0,59.0,0.0,5.0,0.9,Bypassable ✅
6248,1.0,1.0,293.0,0.0,5.0,1.69,Bypassable ✅
1616,0.0,1.0,58.0,0.0,5.0,0.9,Bypassable ✅
9640,1.0,1.0,41.0,0.0,5.0,1.69,Bypassable ✅
7876,1.0,1.0,74.0,0.0,5.0,1.69,Bypassable ✅
1446,0.0,1.0,67.0,0.0,5.0,0.9,Bypassable ✅
7701,1.0,0.0,12.0,0.0,5.0,0.79,Further Inspection ⚠️
1020,0.0,1.0,253.0,0.0,5.0,0.9,Bypassable ✅
705,0.0,1.0,264.0,0.0,5.0,0.9,Bypassable ✅
2574,0.0,1.0,38.0,0.0,5.0,0.9,Bypassable ✅
8396,1.0,1.0,64.0,0.0,5.0,1.69,Bypassable ✅
5145,1.0,1.0,302.0,0.0,5.0,1.69,Bypassable ✅
8437,1.0,1.0,69.0,0.0,5.0,1.69,Bypassable ✅
2515,0.0,1.0,248.0,0.0,5.0,0.9,Bypassable ✅
5095,1.0,1.0,784.0,0.0,5.0,1.69,Bypassable ✅
8629,1.0,1.0,165.0,0.0,5.0,1.69,Bypassable ✅
1566,0.0,1.0,72.0,0.0,5.0,0.9,Bypassable ✅
908,0.0,1.0,267.0,0.0,5.0,0.9,Bypassable ✅
5396,1.0,1.0,234.0,0.0,5.0,1.69,Bypassable ✅
3550,0.0,1.0,270.0,0.0,5.0,0.9,Bypassable ✅
3375,0.0,1.0,267.0,0.0,5.0,0.9,Bypassable ✅
6300,1.0,0.0,99.0,0.0,5.0,0.79,Further Inspection ⚠️
10096,1.0,1.0,41.0,0.0,5.0,1.69,Bypassable ✅
2107,0.0,0.0,60.0,0.0,5.0,0.0,Blocked ❌
3698,0.0,1.0,38.0,0.0,5.0,0.9,Bypassable ✅
8491,1.0,1.0,74.0,0.0,5.0,1.69,Bypassable ✅
9749,1.0,1.0,41.0,0.0,5.0,1.69,Bypassable ✅
5623,1.0,1.0,97.0,0.0,5.0,1.69,Bypassable ✅
7225,1.0,1.0,280.0,0.0,5.0,1.69,Bypassable ✅
594,0.0,1.0,261.0,0.0,5.0,0.9,Bypassable ✅
1558,0.0,1.0,61.0,0.0,5.0,0.9,Bypassable ✅
4995,1.0,0.0,77.0,0.0,5.0,0.79,Further Inspection ⚠️
440,0.0,1.0,251.0,0.0,5.0,0.9,Bypassable ✅
4960,1.0,1.0,257.0,0.0,5.0,1.69,Bypassable ✅
9110,1.0,1.0,74.0,0.0,5.0,1.69,Bypassable ✅
2589,0.0,1.0,240.0,0.0,5.0,0.9,Bypassable ✅
5012,1.0,1.0,626.0,0.0,5.0,1.69,Bypassable ✅
9868,1.0,1.0,72.0,0.0,5.0,1.69,Bypassable ✅
10072,1.0,1.0,61.0,0.0,5.0,1.69,Bypassable ✅
2685,0.0,1.0,38.0,0.0,5.0,0.9,Bypassable ✅
10,0.0,0.0,253.0,0.0,5.0,0.0,Blocked ❌
9952,1.0,0.0,54.0,0.0,5.0,0.79,Further Inspection ⚠️
1935,0.0,1.0,74.0,0.0,5.0,0.9,Bypassable ✅
4030,0.0,1.0,251.0,0.0,5.0,0.9,Bypassable ✅
3166,0.0,1.0,71.0,0.0,5.0,0.9,Bypassable ✅
4269,0.0,1.0,274.0,0.0,5.0,0.9,Bypassable ✅
93,0.0,1.0,260.0,0.0,5.0,0.9,Bypassable ✅
7012,1.0,1.0,89.0,0.0,5.0,1.69,Bypassable ✅
5470,1.0,1.0,106.0,0.0,5.0,1.69,Bypassable ✅
10388,1.0,0.0,289.0,0.0,5.0,0.79,Further Inspection ⚠️
3482,0.0,1.0,238.0,0.0,5.0,0.9,Bypassable ✅
10213,1.0,1.0,64.0,0.0,5.0,1.69,Bypassable ✅
8545,1.0,1.0,320.0,0.0,5.0,1.69,Bypassable ✅
8631,1.0,1.0,296.0,0.0,5.0,1.69,Bypassable ✅
8413,1.0,1.0,318.0,0.0,5.0,1.69,Bypassable ✅
292,0.0,1.0,240.0,0.0,5.0,0.9,Bypassable ✅
788,0.0,1.0,273.0,0.0,5.0,0.9,Bypassable ✅
2865,0.0,1.0,279.0,0.0,5.0,0.9,Bypassable ✅
5279,1.0,1.0,247.0,0.0,5.0,1.69,Bypassable ✅
4689,1.0,1.0,330.0,0.0,5.0,1.69,Bypassable ✅
6418,1.0,0.0,294.0,0.0,5.0,0.79,Further Inspection ⚠️
3971,0.0,1.0,270.0,0.0,5.0,0.9,Bypassable ✅
10422,1.0,1.0,41.0,0.0,5.0,1.69,Bypassable ✅
5168,1.0,0.0,133.0,0.0,5.0,0.79,Further Inspection ⚠️
6933,1.0,0.0,46.0,0.0,5.0,0.79,Further Inspection ⚠️
2239,0.0,1.0,68.0,0.0,5.0,0.9,Bypassable ✅
4169,0.0,1.0,241.0,0.0,5.0,0.9,Bypassable ✅
6794,1.0,0.0,46.0,0.0,5.0,0.79,Further Inspection ⚠️
1318,0.0,1.0,254.0,0.0,5.0,0.9,Bypassable ✅
2742,0.0,1.0,60.0,0.0,5.0,0.9,Bypassable ✅
6196,1.0,0.0,130.0,0.0,5.0,0.79,Further Inspection ⚠️
5204,1.0,0.0,129.0,0.0,5.0,0.79,Further Inspection ⚠️
2858,0.0,1.0,59.0,0.0,5.0,0.9,Bypassable ✅
2227,0.0,1.0,75.0,0.0,5.0,0.9,Bypassable ✅
9000,1.0,1.0,74.0,0.0,5.0,1.69,Bypassable ✅
5215,1.0,1.0,75.0,0.0,5.0,1.69,Bypassable ✅
3999,0.0,1.0,274.0,0.0,5.0,0.9,Bypassable ✅
8903,1.0,1.0,74.0,0.0,5.0,1.69,Bypassable ✅
7627,1.0,0.0,44.0,0.0,5.0,0.79,Further Inspection ⚠️
8774,1.0,1.0,81.0,0.0,5.0,1.69,Bypassable ✅
4344,0.0,1.0,59.0,0.0,5.0,0.9,Bypassable ✅
2861,0.0,1.0,38.0,0.0,5.0,0.9,Bypassable ✅
9569,1.0,1.0,59.0,0.0,5.0,1.69,Bypassable ✅
9431,1.0,1.0,41.0,0.0,5.0,1.69,Bypassable ✅
8676,1.0,1.0,250.0,0.0,5.0,1.69,Bypassable ✅
2678,0.0,1.0,273.0,0.0,5.0,0.9,Bypassable ✅
8572,1.0,0.0,55.0,0.0,5.0,0.79,Further Inspection ⚠️
3433,0.0,1.0,246.0,0.0,5.0,0.9,Bypassable ✅
4230,0.0,1.0,226.0,0.0,5.0,0.9,Bypassable ✅
3245,0.0,1.0,235.0,0.0,5.0,0.9,Bypassable ✅
10403,1.0,1.0,40.0,0.0,5.0,1.69,Bypassable ✅
3746,0.0,1.0,38.0,0.0,5.0,0.9,Bypassable ✅
10585,1.0,1.0,41.0,0.0,5.0,1.69,Bypassable ✅
7209,1.0,0.0,46.0,0.0,5.0,0.79,Further Inspection ⚠️
2249,0.0,1.0,253.0,0.0,5.0,0.9,Bypassable ✅
3393,0.0,1.0,241.0,0.0,5.0,0.9,Bypassable ✅
8251,1.0,1.0,153.0,0.0,5.0,1.69,Bypassable ✅
1953,0.0,1.0,252.0,0.0,5.0,0.9,Bypassable ✅
837,0.0,0.0,0.0,0.0,5.0,0.0,Blocked ❌
6951,1.0,0.0,46.0,0.0,5.0,0.79,Further Inspection ⚠️
8648,1.0,0.0,120.0,0.0,5.0,0.79,Further Inspection ⚠️
9785,1.0,1.0,60.0,0.0,5.0,1.69,Bypassable ✅
2328,0.0,1.0,67.0,0.0,5.0,0.9,Bypassable ✅
227,0.0,1.0,235.0,0.0,5.0,0.9,Bypassable ✅
2119,0.0,1.0,260.0,0.0,5.0,0.9,Bypassable ✅
7659,1.0,1.0,340.0,0.0,5.0,1.69,Bypassable ✅
6802,1.0,0.0,8.0,0.0,5.0,0.79,Further Inspection ⚠️
6875,1.0,0.0,46.0,0.0,5.0,0.79,Further Inspection ⚠️
6646,1.0,0.0,129.0,0.0,5.0,0.79,Further Inspection ⚠️
3315,0.0,1.0,231.0,0.0,5.0,0.9,Bypassable ✅
5369,1.0,1.0,391.0,0.0,5.0,1.69,Bypassable ✅
4376,1.0,0.0,314.0,0.0,5.0,0.79,Further Inspection ⚠️
5007,1.0,1.0,573.0,0.0,5.0,1.69,Bypassable ✅
2818,0.0,1.0,238.0,0.0,5.0,0.9,Bypassable ✅
6590,1.0,1.0,59.0,0.0,5.0,1.69,Bypassable ✅
5756,1.0,1.0,116.0,0.0,5.0,1.69,Bypassable ✅
6934,1.0,0.0,46.0,0.0,5.0,0.79,Further Inspection ⚠️
157,0.0,1.0,222.0,0.0,5.0,0.9,Bypassable ✅
2232,0.0,1.0,38.0,0.0,5.0,0.9,Bypassable ✅
9340,1.0,1.0,63.0,0.0,5.0,1.69,Bypassable ✅
6106,0.0,1.0,62.0,0.0,5.0,0.9,Bypassable ✅
8412,1.0,1.0,263.0,0.0,5.0,1.69,Bypassable ✅
1441,0.0,1.0,67.0,0.0,5.0,0.9,Bypassable ✅
6824,1.0,0.0,46.0,0.0,5.0,0.79,Further Inspection ⚠️
5289,1.0,1.0,306.0,0.0,5.0,1.69,Bypassable ✅
7388,1.0,1.0,314.0,0.0,5.0,1.69,Bypassable ✅
700,0.0,1.0,266.0,0.0,5.0,0.9,Bypassable ✅
4704,1.0,1.0,123.0,0.0,5.0,1.69,Bypassable ✅
1670,0.0,1.0,71.0,0.0,5.0,0.9,Bypassable ✅
3508,0.0,1.0,72.0,0.0,5.0,0.9,Bypassable ✅
5862,0.0,1.0,247.0,0.0,5.0,0.9,Bypassable ✅
8488,1.0,0.0,126.0,0.0,5.0,0.79,Further Inspection ⚠️
4948,1.0,1.0,447.0,0.0,5.0,1.69,Bypassable ✅
5414,1.0,1.0,281.0,0.0,5.0,1.69,Bypassable ✅
9009,1.0,1.0,74.0,0.0,5.0,1.69,Bypassable ✅
9969,1.0,1.0,261.0,0.0,5.0,1.69,Bypassable ✅
8751,1.0,1.0,163.0,0.0,5.0,1.69,Bypassable ✅
3945,0.0,1.0,57.0,0.0,5.0,0.9,Bypassable ✅
6211,1.0,1.0,137.0,0.0,5.0,1.69,Bypassable ✅
8375,1.0,1.0,126.0,0.0,5.0,1.69,Bypassable ✅
2199,0.0,1.0,72.0,0.0,5.0,0.9,Bypassable ✅
3902,0.0,1.0,230.0,0.0,5.0,0.9,Bypassable ✅
9063,1.0,0.0,8.0,0.0,5.0,0.79,Further Inspection ⚠️
2619,0.0,1.0,38.0,0.0,5.0,0.9,Bypassable ✅
5206,1.0,1.0,340.0,0.0,5.0,1.69,Bypassable ✅
6859,1.0,0.0,46.0,0.0,5.0,0.79,Further Inspection ⚠️
7279,1.0,1.0,319.0,0.0,5.0,1.69,Bypassable ✅
8827,1.0,0.0,114.0,0.0,5.0,0.79,Further Inspection ⚠️
6836,1.0,0.0,46.0,0.0,5.0,0.79,Further Inspection ⚠️
8511,1.0,0.0,116.0,0.0,5.0,0.79,Further Inspection ⚠️
5106,1.0,1.0,261.0,0.0,5.0,1.69,Bypassable ✅
6461,1.0,0.0,131.0,0.0,5.0,0.79,Further Inspection ⚠️
3017,0.0,1.0,60.0,0.0,5.0,0.9,Bypassable ✅
1402,0.0,1.0,66.0,0.0,5.0,0.9,Bypassable ✅
1543,0.0,1.0,244.0,0.0,5.0,0.9,Bypassable ✅
2564,0.0,1.0,67.0,0.0,5.0,0.9,Bypassable ✅
9899,1.0,1.0,41.0,0.0,5.0,1.69,Bypassable ✅
8841,1.0,1.0,337.0,0.0,5.0,1.69,Bypassable ✅
6901,1.0,0.0,25.0,0.0,5.0,0.79,Further Inspection ⚠️
5924,0.0,1.0,253.0,0.0,5.0,0.9,Bypassable ✅
3703,0.0,0.0,285.0,0.0,5.0,0.0,Blocked ❌
1722,0.0,1.0,66.0,0.0,5.0,0.9,Bypassable ✅
6485,1.0,1.0,251.0,0.0,5.0,1.69,Bypassable ✅
5173,1.0,1.0,74.0,0.0,5.0,1.69,Bypassable ✅
4077,0.0,1.0,62.0,0.0,5.0,0.9,Bypassable ✅
2592,0.0,1.0,255.0,0.0,5.0,0.9,Bypassable ✅
5135,1.0,1.0,404.0,0.0,5.0,1.69,Bypassable ✅
8359,1.0,1.0,118.0,0.0,5.0,1.69,Bypassable ✅
603,0.0,1.0,256.0,0.0,5.0,0.9,Bypassable ✅
2613,0.0,1.0,68.0,0.0,5.0,0.9,Bypassable ✅
3522,0.0,1.0,71.0,0.0,5.0,0.9,Bypassable ✅
2498,0.0,1.0,65.0,0.0,5.0,0.9,Bypassable ✅
7528,1.0,1.0,131.0,0.0,5.0,1.69,Bypassable ✅
393,0.0,0.0,251.0,0.0,5.0,0.0,Blocked ❌
9529,1.0,1.0,65.0,0.0,5.0,1.69,Bypassable ✅
2317,0.0,1.0,58.0,0.0,5.0,0.9,Bypassable ✅
8561,1.0,1.0,258.0,0.0,5.0,1.69,Bypassable ✅
4851,1.0,1.0,111.0,0.0,5.0,1.69,Bypassable ✅
4503,1.0,1.0,115.0,0.0,5.0,1.69,Bypassable ✅
95,0.0,1.0,258.0,0.0,5.0,0.9,Bypassable ✅
7533,1.0,1.0,169.0,0.0,5.0,1.69,Bypassable ✅
4238,0.0,1.0,70.0,0.0,5.0,0.9,Bypassable ✅
8729,1.0,0.0,254.0,0.0,5.0,0.79,Further Inspection ⚠️
2216,0.0,1.0,242.0,0.0,5.0,0.9,Bypassable ✅
5965,0.0,1.0,260.0,0.0,5.0,0.9,Bypassable ✅
3013,0.0,1.0,71.0,0.0,5.0,0.9,Bypassable ✅
9084,1.0,0.0,75.0,0.0,5.0,0.79,Further Inspection ⚠️
5683,1.0,0.0,88.0,0.0,5.0,0.79,Further Inspection ⚠️
5195,1.0,0.0,75.0,0.0,5.0,0.79,Further Inspection ⚠️
5572,1.0,0.0,63.0,0.0,5.0,0.79,Further Inspection ⚠️
9970,1.0,1.0,259.0,0.0,5.0,1.69,Bypassable ✅
4730,1.0,1.0,309.0,0.0,5.0,1.69,Bypassable ✅
2177,0.0,1.0,242.0,0.0,5.0,0.9,Bypassable ✅
4031,0.0,1.0,235.0,0.0,5.0,0.9,Bypassable ✅
6624,1.0,1.0,97.0,0.0,5.0,1.69,Bypassable ✅
3123,0.0,1.0,262.0,0.0,5.0,0.9,Bypassable ✅
8354,1.0,0.0,34.0,0.0,5.0,0.79,Further Inspection ⚠️
3884,0.0,1.0,262.0,0.0,5.0,0.9,Bypassable ✅
9525,1.0,0.0,8.0,0.0,5.0,0.79,Further Inspection ⚠️
5257,1.0,1.0,78.0,0.0,5.0,1.69,Bypassable ✅
1631,0.0,0.0,242.0,0.0,5.0,0.0,Blocked ❌
9716,1.0,1.0,41.0,0.0,5.0,1.69,Bypassable ✅
4549,1.0,1.0,56.0,0.0,5.0,1.69,Bypassable ✅
3422,0.0,1.0,61.0,0.0,5.0,0.9,Bypassable ✅
2245,0.0,1.0,248.0,0.0,5.0,0.9,Bypassable ✅
5504,1.0,1.0,78.0,0.0,5.0,1.69,Bypassable ✅
6778,1.0,0.0,46.0,0.0,5.0,0.79,Further Inspection ⚠️
4176,0.0,1.0,61.0,0.0,5.0,0.9,Bypassable ✅
3305,0.0,1.0,242.0,0.0,5.0,0.9,Bypassable ✅
1355,0.0,1.0,60.0,0.0,5.0,0.9,Bypassable ✅
6795,1.0,0.0,46.0,0.0,5.0,0.79,Further Inspection ⚠️
1835,0.0,1.0,68.0,0.0,5.0,0.9,Bypassable ✅
1950,0.0,1.0,58.0,0.0,5.0,0.9,Bypassable ✅
2340,0.0,1.0,255.0,0.0,5.0,0.9,Bypassable ✅
6749,1.0,0.0,88.0,0.0,5.0,0.79,Further Inspection ⚠️
9507,1.0,1.0,76.0,0.0,5.0,1.69,Bypassable ✅
10656,1.0,1.0,40.0,0.0,5.0,1.69,Bypassable ✅
6224,1.0,1.0,129.0,0.0,5.0,1.69,Bypassable ✅
7816,1.0,1.0,182.0,0.0,5.0,1.69,Bypassable ✅
5459,1.0,1.0,97.0,0.0,5.0,1.69,Bypassable ✅
3846,0.0,1.0,250.0,0.0,5.0,0.9,Bypassable ✅
5033,1.0,1.0,784.0,0.0,5.0,1.69,Bypassable ✅
4955,1.0,1.0,78.0,0.0,5.0,1.69,Bypassable ✅
5968,0.0,1.0,38.0,0.0,5.0,0.9,Bypassable ✅
6492,1.0,1.0,318.0,0.0,5.0,1.69,Bypassable ✅
5993,0.0,1.0,224.0,0.0,5.0,0.9,Bypassable ✅
7802,1.0,1.0,107.0,0.0,5.0,1.69,Bypassable ✅
19,0.0,1.0,65.0,0.0,5.0,0.9,Bypassable ✅
6877,1.0,1.0,280.0,0.0,5.0,1.69,Bypassable ✅
8892,1.0,0.0,4.0,0.0,5.0,0.79,Further Inspection ⚠️
6225,1.0,1.0,94.0,0.0,5.0,1.69,Bypassable ✅
6206,1.0,1.0,139.0,0.0,5.0,1.69,Bypassable ✅
1599,0.0,1.0,260.0,0.0,5.0,0.9,Bypassable ✅
3544,0.0,1.0,253.0,0.0,5.0,0.9,Bypassable ✅
9239,1.0,1.0,41.0,0.0,5.0,1.69,Bypassable ✅
9516,1.0,1.0,41.0,0.0,5.0,1.69,Bypassable ✅
8114,1.0,1.0,44.0,0.0,5.0,1.69,Bypassable ✅
3003,0.0,1.0,59.0,0.0,5.0,0.9,Bypassable ✅
2145,0.0,1.0,59.0,0.0,5.0,0.9,Bypassable ✅
8507,1.0,1.0,63.0,0.0,5.0,1.69,Bypassable ✅
6060,0.0,1.0,257.0,0.0,5.0,0.9,Bypassable ✅
3934,0.0,1.0,59.0,0.0,5.0,0.9,Bypassable ✅
1261,0.0,1.0,59.0,0.0,5.0,0.9,Bypassable ✅
4783,1.0,1.0,118.0,0.0,5.0,1.69,Bypassable ✅
8099,1.0,1.0,115.0,0.0,5.0,1.69,Bypassable ✅
809,0.0,1.0,274.0,0.0,5.0,0.9,Bypassable ✅
5735,1.0,1.0,84.0,0.0,5.0,1.69,Bypassable ✅
2029,0.0,1.0,61.0,0.0,5.0,0.9,Bypassable ✅
8397,1.0,0.0,8.0,0.0,5.0,0.79,Further Inspection ⚠️
8482,1.0,1.0,263.0,0.0,5.0,1.69,Bypassable ✅
4003,0.0,0.0,59.0,0.0,5.0,0.0,Blocked ❌
8326,1.0,1.0,59.0,0.0,5.0,1.69,Bypassable ✅
1702,0.0,1.0,68.0,0.0,5.0,0.9,Bypassable ✅
9674,1.0,1.0,77.0,0.0,5.0,1.69,Bypassable ✅
9866,1.0,1.0,244.0,0.0,5.0,1.69,Bypassable ✅
8265,1.0,0.0,34.0,0.0,5.0,0.79,Further Inspection ⚠️
3721,0.0,0.0,241.0,0.0,5.0,0.0,Blocked ❌
8018,1.0,1.0,44.0,0.0,5.0,1.69,Bypassable ✅
3470,0.0,1.0,74.0,0.0,5.0,0.9,Bypassable ✅
1880,0.0,1.0,71.0,0.0,5.0,0.9,Bypassable ✅
4649,1.0,0.0,117.0,0.0,5.0,0.79,Further Inspection ⚠️
6440,1.0,0.0,68.0,0.0,5.0,0.79,Further Inspection ⚠️
9223,1.0,1.0,63.0,0.0,5.0,1.69,Bypassable ✅
6386,1.0,1.0,284.0,0.0,5.0,1.69,Bypassable ✅
9172,1.0,1.0,41.0,0.0,5.0,1.69,Bypassable ✅
7741,1.0,1.0,104.0,0.0,5.0,1.69,Bypassable ✅
6466,1.0,0.0,104.0,0.0,5.0,0.79,Further Inspection ⚠️
8149,1.0,1.0,114.0,0.0,5.0,1.69,Bypassable ✅
2968,0.0,1.0,263.0,0.0,5.0,0.9,Bypassable ✅
1046,0.0,1.0,63.0,0.0,5.0,0.9,Bypassable ✅
7558,1.0,1.0,135.0,0.0,5.0,1.69,Bypassable ✅
4121,0.0,1.0,74.0,0.0,5.0,0.9,Bypassable ✅
7572,1.0,1.0,316.0,0.0,5.0,1.69,Bypassable ✅
1568,0.0,1.0,71.0,0.0,5.0,0.9,Bypassable ✅
462,0.0,1.0,248.0,0.0,5.0,0.9,Bypassable ✅
743,0.0,1.0,270.0,0.0,5.0,0.9,Bypassable ✅
222,0.0,1.0,235.0,0.0,5.0,0.9,Bypassable ✅
6202,1.0,1.0,100.0,0.0,5.0,1.69,Bypassable ✅
8026,1.0,1.0,44.0,0.0,5.0,1.69,Bypassable ✅
9083,1.0,1.0,70.0,0.0,5.0,1.69,Bypassable ✅
625,0.0,1.0,261.0,0.0,5.0,0.9,Bypassable ✅
4161,0.0,1.0,74.0,0.0,5.0,0.9,Bypassable ✅
3284,0.0,1.0,259.0,0.0,5.0,0.9,Bypassable ✅
9379,1.0,1.0,79.0,0.0,5.0,1.69,Bypassable ✅
5589,1.0,1.0,103.0,0.0,5.0,1.69,Bypassable ✅
3027,0.0,1.0,265.0,0.0,5.0,0.9,Bypassable ✅
3065,0.0,1.0,74.0,0.0,5.0,0.9,Bypassable ✅
4271,0.0,1.0,67.0,0.0,5.0,0.9,Bypassable ✅
353,0.0,1.0,249.0,0.0,5.0,0.9,Bypassable ✅
456,0.0,1.0,248.0,0.0,5.0,0.9,Bypassable ✅
5245,1.0,1.0,56.0,0.0,5.0,1.69,Bypassable ✅
239,0.0,1.0,238.0,0.0,5.0,0.9,Bypassable ✅
3668,0.0,1.0,247.0,0.0,5.0,0.9,Bypassable ✅
10629,1.0,1.0,41.0,0.0,5.0,1.69,Bypassable ✅
5579,1.0,1.0,105.0,0.0,5.0,1.69,Bypassable ✅
2098,0.0,1.0,68.0,0.0,5.0,0.9,Bypassable ✅
7618,1.0,0.0,90.0,0.0,5.0,0.79,Further Inspection ⚠️
4281,0.0,1.0,61.0,0.0,5.0,0.9,Bypassable ✅
1018,0.0,1.0,59.0,0.0,5.0,0.9,Bypassable ✅
5627,1.0,1.0,96.0,0.0,5.0,1.69,Bypassable ✅
7525,1.0,1.0,258.0,0.0,5.0,1.69,Bypassable ✅
1760,0.0,1.0,59.0,0.0,5.0,0.9,Bypassable ✅
8031,1.0,1.0,231.0,0.0,5.0,1.69,Bypassable ✅
9363,1.0,0.0,35.0,0.0,5.0,0.79,Further Inspection ⚠️
9045,1.0,1.0,70.0,0.0,5.0,1.69,Bypassable ✅
1103,0.0,1.0,60.0,0.0,5.0,0.9,Bypassable ✅
8759,1.0,1.0,299.0,0.0,5.0,1.69,Bypassable ✅
7818,1.0,1.0,323.0,0.0,5.0,1.69,Bypassable ✅
8000,1.0,1.0,140.0,0.0,5.0,1.69,Bypassable ✅
7661,1.0,1.0,355.0,0.0,5.0,1.69,Bypassable ✅
6328,1.0,0.0,96.0,0.0,5.0,0.79,Further Inspection ⚠️
9773,1.0,1.0,70.0,0.0,5.0,1.69,Bypassable ✅
9847,1.0,1.0,70.0,0.0,5.0,1.69,Bypassable ✅
10039,1.0,1.0,59.0,0.0,5.0,1.69,Bypassable ✅
6302,1.0,1.0,137.0,0.0,5.0,1.69,Bypassable ✅
8598,1.0,1.0,52.0,0.0,5.0,1.69,Bypassable ✅
8969,1.0,0.0,71.0,0.0,5.0,0.79,Further Inspection ⚠️
3651,0.0,1.0,38.0,0.0,5.0,0.9,Bypassable ✅
1034,0.0,1.0,63.0,0.0,5.0,0.9,Bypassable ✅
3873,0.0,1.0,244.0,0.0,5.0,0.9,Bypassable ✅
3063,0.0,1.0,38.0,0.0,5.0,0.9,Bypassable ✅
9387,1.0,1.0,41.0,0.0,5.0,1.69,Bypassable ✅
906,0.0,1.0,55.0,0.0,5.0,0.9,Bypassable ✅
7143,1.0,0.0,46.0,0.0,5.0,0.79,Further Inspection ⚠️
6507,1.0,1.0,322.0,0.0,5.0,1.69,Bypassable ✅
8015,1.0,1.0,282.0,0.0,5.0,1.69,Bypassable ✅
7267,1.0,1.0,43.0,0.0,5.0,1.69,Bypassable ✅
4140,0.0,1.0,66.0,0.0,5.0,0.9,Bypassable ✅
8692,1.0,1.0,250.0,0.0,5.0,1.69,Bypassable ✅
10565,1.0,1.0,73.0,0.0,5.0,1.69,Bypassable ✅
6984,1.0,0.0,46.0,0.0,5.0,0.79,Further Inspection ⚠️
10135,1.0,1.0,77.0,0.0,5.0,1.69,Bypassable ✅
